relevant_property,sharpness,statesArray,annotation_category,probability,source
both,blurred,"[[9.0, 1.0, 1.0], [9.0, 0.0, 1.0], [3.0, 1.0, 1.0], [2.0, 1.0, 1.0], [10.0, 0.0, 0.0], [6.0, 0.0, 1.0]]",D,0.0,empirical
both,sharp,"[[10.0, 1.0, 1.0], [10.0, 0.0, 0.0], [3.0, 1.0, 0.0], [2.0, 1.0, 1.0], [10.0, 0.0, 0.0], [1.0, 0.0, 1.0]]",D,0.0,empirical
first,blurred,"[[10.0, 0.0, 1.0], [6.0, 0.0, 1.0], [6.0, 0.0, 1.0], [5.0, 0.0, 1.0], [6.0, 0.0, 0.0], [1.0, 1.0, 0.0]]",D,0.05595668,empirical
first,sharp,"[[9.0, 0.0, 1.0], [1.0, 0.0, 1.0], [2.0, 0.0, 1.0], [1.0, 0.0, 0.0], [2.0, 0.0, 0.0], [2.0, 1.0, 1.0]]",D,0.2689243,empirical
second,blurred,"[[9.0, 1.0, 1.0], [9.0, 0.0, 0.0], [9.0, 0.0, 0.0], [9.0, 0.0, 1.0], [10.0, 0.0, 1.0], [6.0, 0.0, 1.0]]",D,0.0,empirical
second,sharp,"[[9.0, 1.0, 1.0], [10.0, 0.0, 0.0], [10.0, 0.0, 1.0], [10.0, 0.0, 1.0], [10.0, 0.0, 1.0], [1.0, 0.0, 1.0]]",D,0.0,empirical
both,blurred,"[[9.0, 1.0, 1.0], [9.0, 0.0, 1.0], [3.0, 1.0, 1.0], [2.0, 1.0, 1.0], [10.0, 0.0, 0.0], [6.0, 0.0, 1.0]]",DC,0.06890459,empirical
both,sharp,"[[10.0, 1.0, 1.0], [10.0, 0.0, 0.0], [3.0, 1.0, 0.0], [2.0, 1.0, 1.0], [10.0, 0.0, 0.0], [1.0, 0.0, 1.0]]",DC,0.19681908,empirical
first,blurred,"[[10.0, 0.0, 1.0], [6.0, 0.0, 1.0], [6.0, 0.0, 1.0], [5.0, 0.0, 1.0], [6.0, 0.0, 0.0], [1.0, 1.0, 0.0]]",DC,0.0433213,empirical
first,sharp,"[[9.0, 0.0, 1.0], [1.0, 0.0, 1.0], [2.0, 0.0, 1.0], [1.0, 0.0, 0.0], [2.0, 0.0, 0.0], [2.0, 1.0, 1.0]]",DC,0.045816734,empirical
second,blurred,"[[9.0, 1.0, 1.0], [9.0, 0.0, 0.0], [9.0, 0.0, 0.0], [9.0, 0.0, 1.0], [10.0, 0.0, 1.0], [6.0, 0.0, 1.0]]",DC,0.0,empirical
second,sharp,"[[9.0, 1.0, 1.0], [10.0, 0.0, 0.0], [10.0, 0.0, 1.0], [10.0, 0.0, 1.0], [10.0, 0.0, 1.0], [1.0, 0.0, 1.0]]",DC,0.001984127,empirical
both,blurred,"[[9.0, 1.0, 1.0], [9.0, 0.0, 1.0], [3.0, 1.0, 1.0], [2.0, 1.0, 1.0], [10.0, 0.0, 0.0], [6.0, 0.0, 1.0]]",DCF,0.3091873,empirical
both,sharp,"[[10.0, 1.0, 1.0], [10.0, 0.0, 0.0], [3.0, 1.0, 0.0], [2.0, 1.0, 1.0], [10.0, 0.0, 0.0], [1.0, 0.0, 1.0]]",DCF,0.31212723,empirical
first,blurred,"[[10.0, 0.0, 1.0], [6.0, 0.0, 1.0], [6.0, 0.0, 1.0], [5.0, 0.0, 1.0], [6.0, 0.0, 0.0], [1.0, 1.0, 0.0]]",DCF,0.299639,empirical
first,sharp,"[[9.0, 0.0, 1.0], [1.0, 0.0, 1.0], [2.0, 0.0, 1.0], [1.0, 0.0, 0.0], [2.0, 0.0, 0.0], [2.0, 1.0, 1.0]]",DCF,0.20517929,empirical
second,blurred,"[[9.0, 1.0, 1.0], [9.0, 0.0, 0.0], [9.0, 0.0, 0.0], [9.0, 0.0, 1.0], [10.0, 0.0, 1.0], [6.0, 0.0, 1.0]]",DCF,0.026455026,empirical
second,sharp,"[[9.0, 1.0, 1.0], [10.0, 0.0, 0.0], [10.0, 0.0, 1.0], [10.0, 0.0, 1.0], [10.0, 0.0, 1.0], [1.0, 0.0, 1.0]]",DCF,0.001984127,empirical
both,blurred,"[[9.0, 1.0, 1.0], [9.0, 0.0, 1.0], [3.0, 1.0, 1.0], [2.0, 1.0, 1.0], [10.0, 0.0, 0.0], [6.0, 0.0, 1.0]]",DF,0.08480565,empirical
both,sharp,"[[10.0, 1.0, 1.0], [10.0, 0.0, 0.0], [3.0, 1.0, 0.0], [2.0, 1.0, 1.0], [10.0, 0.0, 0.0], [1.0, 0.0, 1.0]]",DF,0.10735586,empirical
first,blurred,"[[10.0, 0.0, 1.0], [6.0, 0.0, 1.0], [6.0, 0.0, 1.0], [5.0, 0.0, 1.0], [6.0, 0.0, 0.0], [1.0, 1.0, 0.0]]",DF,0.36462092,empirical
first,sharp,"[[9.0, 0.0, 1.0], [1.0, 0.0, 1.0], [2.0, 0.0, 1.0], [1.0, 0.0, 0.0], [2.0, 0.0, 0.0], [2.0, 1.0, 1.0]]",DF,0.2310757,empirical
second,blurred,"[[9.0, 1.0, 1.0], [9.0, 0.0, 0.0], [9.0, 0.0, 0.0], [9.0, 0.0, 1.0], [10.0, 0.0, 1.0], [6.0, 0.0, 1.0]]",DF,0.0,empirical
second,sharp,"[[9.0, 1.0, 1.0], [10.0, 0.0, 0.0], [10.0, 0.0, 1.0], [10.0, 0.0, 1.0], [10.0, 0.0, 1.0], [1.0, 0.0, 1.0]]",DF,0.0,empirical
both,blurred,"[[9.0, 1.0, 1.0], [9.0, 0.0, 1.0], [3.0, 1.0, 1.0], [2.0, 1.0, 1.0], [10.0, 0.0, 0.0], [6.0, 0.0, 1.0]]",DFC,0.030035336,empirical
both,sharp,"[[10.0, 1.0, 1.0], [10.0, 0.0, 0.0], [3.0, 1.0, 0.0], [2.0, 1.0, 1.0], [10.0, 0.0, 0.0], [1.0, 0.0, 1.0]]",DFC,0.029821074,empirical
first,blurred,"[[10.0, 0.0, 1.0], [6.0, 0.0, 1.0], [6.0, 0.0, 1.0], [5.0, 0.0, 1.0], [6.0, 0.0, 0.0], [1.0, 1.0, 0.0]]",DFC,0.032490976,empirical
first,sharp,"[[9.0, 0.0, 1.0], [1.0, 0.0, 1.0], [2.0, 0.0, 1.0], [1.0, 0.0, 0.0], [2.0, 0.0, 0.0], [2.0, 1.0, 1.0]]",DFC,0.021912351,empirical
second,blurred,"[[9.0, 1.0, 1.0], [9.0, 0.0, 0.0], [9.0, 0.0, 0.0], [9.0, 0.0, 1.0], [10.0, 0.0, 1.0], [6.0, 0.0, 1.0]]",DFC,0.014109347,empirical
second,sharp,"[[9.0, 1.0, 1.0], [10.0, 0.0, 0.0], [10.0, 0.0, 1.0], [10.0, 0.0, 1.0], [10.0, 0.0, 1.0], [1.0, 0.0, 1.0]]",DFC,0.005952381,empirical
both,blurred,"[[9.0, 1.0, 1.0], [9.0, 0.0, 1.0], [3.0, 1.0, 1.0], [2.0, 1.0, 1.0], [10.0, 0.0, 0.0], [6.0, 0.0, 1.0]]",C,0.008833922,empirical
both,sharp,"[[10.0, 1.0, 1.0], [10.0, 0.0, 0.0], [3.0, 1.0, 0.0], [2.0, 1.0, 1.0], [10.0, 0.0, 0.0], [1.0, 0.0, 1.0]]",C,0.0,empirical
first,blurred,"[[10.0, 0.0, 1.0], [6.0, 0.0, 1.0], [6.0, 0.0, 1.0], [5.0, 0.0, 1.0], [6.0, 0.0, 0.0], [1.0, 1.0, 0.0]]",C,0.0054151625,empirical
first,sharp,"[[9.0, 0.0, 1.0], [1.0, 0.0, 1.0], [2.0, 0.0, 1.0], [1.0, 0.0, 0.0], [2.0, 0.0, 0.0], [2.0, 1.0, 1.0]]",C,0.0,empirical
second,blurred,"[[9.0, 1.0, 1.0], [9.0, 0.0, 0.0], [9.0, 0.0, 0.0], [9.0, 0.0, 1.0], [10.0, 0.0, 1.0], [6.0, 0.0, 1.0]]",C,0.62786597,empirical
second,sharp,"[[9.0, 1.0, 1.0], [10.0, 0.0, 0.0], [10.0, 0.0, 1.0], [10.0, 0.0, 1.0], [10.0, 0.0, 1.0], [1.0, 0.0, 1.0]]",C,0.71626985,empirical
both,blurred,"[[9.0, 1.0, 1.0], [9.0, 0.0, 1.0], [3.0, 1.0, 1.0], [2.0, 1.0, 1.0], [10.0, 0.0, 0.0], [6.0, 0.0, 1.0]]",CD,0.008833922,empirical
both,sharp,"[[10.0, 1.0, 1.0], [10.0, 0.0, 0.0], [3.0, 1.0, 0.0], [2.0, 1.0, 1.0], [10.0, 0.0, 0.0], [1.0, 0.0, 1.0]]",CD,0.01192843,empirical
first,blurred,"[[10.0, 0.0, 1.0], [6.0, 0.0, 1.0], [6.0, 0.0, 1.0], [5.0, 0.0, 1.0], [6.0, 0.0, 0.0], [1.0, 1.0, 0.0]]",CD,0.0018050541,empirical
first,sharp,"[[9.0, 0.0, 1.0], [1.0, 0.0, 1.0], [2.0, 0.0, 1.0], [1.0, 0.0, 0.0], [2.0, 0.0, 0.0], [2.0, 1.0, 1.0]]",CD,0.0,empirical
second,blurred,"[[9.0, 1.0, 1.0], [9.0, 0.0, 0.0], [9.0, 0.0, 0.0], [9.0, 0.0, 1.0], [10.0, 0.0, 1.0], [6.0, 0.0, 1.0]]",CD,0.0,empirical
second,sharp,"[[9.0, 1.0, 1.0], [10.0, 0.0, 0.0], [10.0, 0.0, 1.0], [10.0, 0.0, 1.0], [10.0, 0.0, 1.0], [1.0, 0.0, 1.0]]",CD,0.0,empirical
both,blurred,"[[9.0, 1.0, 1.0], [9.0, 0.0, 1.0], [3.0, 1.0, 1.0], [2.0, 1.0, 1.0], [10.0, 0.0, 0.0], [6.0, 0.0, 1.0]]",CDF,0.05123675,empirical
both,sharp,"[[10.0, 1.0, 1.0], [10.0, 0.0, 0.0], [3.0, 1.0, 0.0], [2.0, 1.0, 1.0], [10.0, 0.0, 0.0], [1.0, 0.0, 1.0]]",CDF,0.027833002,empirical
first,blurred,"[[10.0, 0.0, 1.0], [6.0, 0.0, 1.0], [6.0, 0.0, 1.0], [5.0, 0.0, 1.0], [6.0, 0.0, 0.0], [1.0, 1.0, 0.0]]",CDF,0.039711192,empirical
first,sharp,"[[9.0, 0.0, 1.0], [1.0, 0.0, 1.0], [2.0, 0.0, 1.0], [1.0, 0.0, 0.0], [2.0, 0.0, 0.0], [2.0, 1.0, 1.0]]",CDF,0.017928287,empirical
second,blurred,"[[9.0, 1.0, 1.0], [9.0, 0.0, 0.0], [9.0, 0.0, 0.0], [9.0, 0.0, 1.0], [10.0, 0.0, 1.0], [6.0, 0.0, 1.0]]",CDF,0.005291005,empirical
second,sharp,"[[9.0, 1.0, 1.0], [10.0, 0.0, 0.0], [10.0, 0.0, 1.0], [10.0, 0.0, 1.0], [10.0, 0.0, 1.0], [1.0, 0.0, 1.0]]",CDF,0.003968254,empirical
both,blurred,"[[9.0, 1.0, 1.0], [9.0, 0.0, 1.0], [3.0, 1.0, 1.0], [2.0, 1.0, 1.0], [10.0, 0.0, 0.0], [6.0, 0.0, 1.0]]",CF,0.27031803,empirical
both,sharp,"[[10.0, 1.0, 1.0], [10.0, 0.0, 0.0], [3.0, 1.0, 0.0], [2.0, 1.0, 1.0], [10.0, 0.0, 0.0], [1.0, 0.0, 1.0]]",CF,0.2027833,empirical
first,blurred,"[[10.0, 0.0, 1.0], [6.0, 0.0, 1.0], [6.0, 0.0, 1.0], [5.0, 0.0, 1.0], [6.0, 0.0, 0.0], [1.0, 1.0, 0.0]]",CF,0.0866426,empirical
first,sharp,"[[9.0, 0.0, 1.0], [1.0, 0.0, 1.0], [2.0, 0.0, 1.0], [1.0, 0.0, 0.0], [2.0, 0.0, 0.0], [2.0, 1.0, 1.0]]",CF,0.0936255,empirical
second,blurred,"[[9.0, 1.0, 1.0], [9.0, 0.0, 0.0], [9.0, 0.0, 0.0], [9.0, 0.0, 1.0], [10.0, 0.0, 1.0], [6.0, 0.0, 1.0]]",CF,0.2627866,empirical
second,sharp,"[[9.0, 1.0, 1.0], [10.0, 0.0, 0.0], [10.0, 0.0, 1.0], [10.0, 0.0, 1.0], [10.0, 0.0, 1.0], [1.0, 0.0, 1.0]]",CF,0.23015873,empirical
both,blurred,"[[9.0, 1.0, 1.0], [9.0, 0.0, 1.0], [3.0, 1.0, 1.0], [2.0, 1.0, 1.0], [10.0, 0.0, 0.0], [6.0, 0.0, 1.0]]",CFD,0.003533569,empirical
both,sharp,"[[10.0, 1.0, 1.0], [10.0, 0.0, 0.0], [3.0, 1.0, 0.0], [2.0, 1.0, 1.0], [10.0, 0.0, 0.0], [1.0, 0.0, 1.0]]",CFD,0.003976143,empirical
first,blurred,"[[10.0, 0.0, 1.0], [6.0, 0.0, 1.0], [6.0, 0.0, 1.0], [5.0, 0.0, 1.0], [6.0, 0.0, 0.0], [1.0, 1.0, 0.0]]",CFD,0.0,empirical
first,sharp,"[[9.0, 0.0, 1.0], [1.0, 0.0, 1.0], [2.0, 0.0, 1.0], [1.0, 0.0, 0.0], [2.0, 0.0, 0.0], [2.0, 1.0, 1.0]]",CFD,0.001992032,empirical
second,blurred,"[[9.0, 1.0, 1.0], [9.0, 0.0, 0.0], [9.0, 0.0, 0.0], [9.0, 0.0, 1.0], [10.0, 0.0, 1.0], [6.0, 0.0, 1.0]]",CFD,0.0,empirical
second,sharp,"[[9.0, 1.0, 1.0], [10.0, 0.0, 0.0], [10.0, 0.0, 1.0], [10.0, 0.0, 1.0], [10.0, 0.0, 1.0], [1.0, 0.0, 1.0]]",CFD,0.0,empirical
both,blurred,"[[9.0, 1.0, 1.0], [9.0, 0.0, 1.0], [3.0, 1.0, 1.0], [2.0, 1.0, 1.0], [10.0, 0.0, 0.0], [6.0, 0.0, 1.0]]",F,0.11660777,empirical
both,sharp,"[[10.0, 1.0, 1.0], [10.0, 0.0, 0.0], [3.0, 1.0, 0.0], [2.0, 1.0, 1.0], [10.0, 0.0, 0.0], [1.0, 0.0, 1.0]]",F,0.08349901,empirical
first,blurred,"[[10.0, 0.0, 1.0], [6.0, 0.0, 1.0], [6.0, 0.0, 1.0], [5.0, 0.0, 1.0], [6.0, 0.0, 0.0], [1.0, 1.0, 0.0]]",F,0.037906136,empirical
first,sharp,"[[9.0, 0.0, 1.0], [1.0, 0.0, 1.0], [2.0, 0.0, 1.0], [1.0, 0.0, 0.0], [2.0, 0.0, 0.0], [2.0, 1.0, 1.0]]",F,0.10159363,empirical
second,blurred,"[[9.0, 1.0, 1.0], [9.0, 0.0, 0.0], [9.0, 0.0, 0.0], [9.0, 0.0, 1.0], [10.0, 0.0, 1.0], [6.0, 0.0, 1.0]]",F,0.04409171,empirical
second,sharp,"[[9.0, 1.0, 1.0], [10.0, 0.0, 0.0], [10.0, 0.0, 1.0], [10.0, 0.0, 1.0], [10.0, 0.0, 1.0], [1.0, 0.0, 1.0]]",F,0.01984127,empirical
both,blurred,"[[9.0, 1.0, 1.0], [9.0, 0.0, 1.0], [3.0, 1.0, 1.0], [2.0, 1.0, 1.0], [10.0, 0.0, 0.0], [6.0, 0.0, 1.0]]",FD,0.0017667845,empirical
both,sharp,"[[10.0, 1.0, 1.0], [10.0, 0.0, 0.0], [3.0, 1.0, 0.0], [2.0, 1.0, 1.0], [10.0, 0.0, 0.0], [1.0, 0.0, 1.0]]",FD,0.0,empirical
first,blurred,"[[10.0, 0.0, 1.0], [6.0, 0.0, 1.0], [6.0, 0.0, 1.0], [5.0, 0.0, 1.0], [6.0, 0.0, 0.0], [1.0, 1.0, 0.0]]",FD,0.009025271,empirical
first,sharp,"[[9.0, 0.0, 1.0], [1.0, 0.0, 1.0], [2.0, 0.0, 1.0], [1.0, 0.0, 0.0], [2.0, 0.0, 0.0], [2.0, 1.0, 1.0]]",FD,0.001992032,empirical
second,blurred,"[[9.0, 1.0, 1.0], [9.0, 0.0, 0.0], [9.0, 0.0, 0.0], [9.0, 0.0, 1.0], [10.0, 0.0, 1.0], [6.0, 0.0, 1.0]]",FD,0.0,empirical
second,sharp,"[[9.0, 1.0, 1.0], [10.0, 0.0, 0.0], [10.0, 0.0, 1.0], [10.0, 0.0, 1.0], [10.0, 0.0, 1.0], [1.0, 0.0, 1.0]]",FD,0.0,empirical
both,blurred,"[[9.0, 1.0, 1.0], [9.0, 0.0, 1.0], [3.0, 1.0, 1.0], [2.0, 1.0, 1.0], [10.0, 0.0, 0.0], [6.0, 0.0, 1.0]]",FDC,0.0053003533,empirical
both,sharp,"[[10.0, 1.0, 1.0], [10.0, 0.0, 0.0], [3.0, 1.0, 0.0], [2.0, 1.0, 1.0], [10.0, 0.0, 0.0], [1.0, 0.0, 1.0]]",FDC,0.0,empirical
first,blurred,"[[10.0, 0.0, 1.0], [6.0, 0.0, 1.0], [6.0, 0.0, 1.0], [5.0, 0.0, 1.0], [6.0, 0.0, 0.0], [1.0, 1.0, 0.0]]",FDC,0.0036101083,empirical
first,sharp,"[[9.0, 0.0, 1.0], [1.0, 0.0, 1.0], [2.0, 0.0, 1.0], [1.0, 0.0, 0.0], [2.0, 0.0, 0.0], [2.0, 1.0, 1.0]]",FDC,0.0,empirical
second,blurred,"[[9.0, 1.0, 1.0], [9.0, 0.0, 0.0], [9.0, 0.0, 0.0], [9.0, 0.0, 1.0], [10.0, 0.0, 1.0], [6.0, 0.0, 1.0]]",FDC,0.0,empirical
second,sharp,"[[9.0, 1.0, 1.0], [10.0, 0.0, 0.0], [10.0, 0.0, 1.0], [10.0, 0.0, 1.0], [10.0, 0.0, 1.0], [1.0, 0.0, 1.0]]",FDC,0.0,empirical
both,blurred,"[[9.0, 1.0, 1.0], [9.0, 0.0, 1.0], [3.0, 1.0, 1.0], [2.0, 1.0, 1.0], [10.0, 0.0, 0.0], [6.0, 0.0, 1.0]]",FC,0.040636044,empirical
both,sharp,"[[10.0, 1.0, 1.0], [10.0, 0.0, 0.0], [3.0, 1.0, 0.0], [2.0, 1.0, 1.0], [10.0, 0.0, 0.0], [1.0, 0.0, 1.0]]",FC,0.021868788,empirical
first,blurred,"[[10.0, 0.0, 1.0], [6.0, 0.0, 1.0], [6.0, 0.0, 1.0], [5.0, 0.0, 1.0], [6.0, 0.0, 0.0], [1.0, 1.0, 0.0]]",FC,0.016245488,empirical
first,sharp,"[[9.0, 0.0, 1.0], [1.0, 0.0, 1.0], [2.0, 0.0, 1.0], [1.0, 0.0, 0.0], [2.0, 0.0, 0.0], [2.0, 1.0, 1.0]]",FC,0.00996016,empirical
second,blurred,"[[9.0, 1.0, 1.0], [9.0, 0.0, 0.0], [9.0, 0.0, 0.0], [9.0, 0.0, 1.0], [10.0, 0.0, 1.0], [6.0, 0.0, 1.0]]",FC,0.019400353,empirical
second,sharp,"[[9.0, 1.0, 1.0], [10.0, 0.0, 0.0], [10.0, 0.0, 1.0], [10.0, 0.0, 1.0], [10.0, 0.0, 1.0], [1.0, 0.0, 1.0]]",FC,0.01984127,empirical
both,blurred,"[[9.0, 1.0, 1.0], [9.0, 0.0, 1.0], [3.0, 1.0, 1.0], [2.0, 1.0, 1.0], [10.0, 0.0, 0.0], [6.0, 0.0, 1.0]]",FCD,0.0,empirical
both,sharp,"[[10.0, 1.0, 1.0], [10.0, 0.0, 0.0], [3.0, 1.0, 0.0], [2.0, 1.0, 1.0], [10.0, 0.0, 0.0], [1.0, 0.0, 1.0]]",FCD,0.0019880715,empirical
first,blurred,"[[10.0, 0.0, 1.0], [6.0, 0.0, 1.0], [6.0, 0.0, 1.0], [5.0, 0.0, 1.0], [6.0, 0.0, 0.0], [1.0, 1.0, 0.0]]",FCD,0.0036101083,empirical
first,sharp,"[[9.0, 0.0, 1.0], [1.0, 0.0, 1.0], [2.0, 0.0, 1.0], [1.0, 0.0, 0.0], [2.0, 0.0, 0.0], [2.0, 1.0, 1.0]]",FCD,0.0,empirical
second,blurred,"[[9.0, 1.0, 1.0], [9.0, 0.0, 0.0], [9.0, 0.0, 0.0], [9.0, 0.0, 1.0], [10.0, 0.0, 1.0], [6.0, 0.0, 1.0]]",FCD,0.0,empirical
second,sharp,"[[9.0, 1.0, 1.0], [10.0, 0.0, 0.0], [10.0, 0.0, 1.0], [10.0, 0.0, 1.0], [10.0, 0.0, 1.0], [1.0, 0.0, 1.0]]",FCD,0.0,empirical
both,blurred,,D,0.0798657,model
both,sharp,,D,0.08806552,model
first,blurred,,D,0.10695084,model
first,sharp,,D,0.11282762,model
second,blurred,,D,0.07072571,model
second,sharp,,D,0.07034507,model
both,blurred,,D,,model
both,sharp,,D,,model
first,blurred,,D,,model
first,sharp,,D,,model
second,blurred,,D,,model
second,sharp,,D,,model
both,blurred,,D,,model
both,sharp,,D,,model
first,blurred,,D,,model
first,sharp,,D,,model
second,blurred,,D,,model
second,sharp,,D,,model
both,blurred,,D,,model
both,sharp,,D,,model
first,blurred,,D,,model
first,sharp,,D,,model
second,blurred,,D,,model
second,sharp,,D,,model
both,blurred,,D,,model
both,sharp,,D,,model
first,blurred,,D,,model
first,sharp,,D,,model
second,blurred,,D,,model
second,sharp,,D,,model
both,blurred,,D,,model
both,sharp,,D,,model
first,blurred,,D,,model
first,sharp,,D,,model
second,blurred,,D,,model
second,sharp,,D,,model
both,blurred,,D,,model
both,sharp,,D,,model
first,blurred,,D,,model
first,sharp,,D,,model
second,blurred,,D,,model
second,sharp,,D,,model
both,blurred,,D,,model
both,sharp,,D,,model
first,blurred,,D,,model
first,sharp,,D,,model
second,blurred,,D,,model
second,sharp,,D,,model
both,blurred,,D,,model
both,sharp,,D,,model
first,blurred,,D,,model
first,sharp,,D,,model
second,blurred,,D,,model
second,sharp,,D,,model
both,blurred,,D,,model
both,sharp,,D,,model
first,blurred,,D,,model
first,sharp,,D,,model
second,blurred,,D,,model
second,sharp,,D,,model
both,blurred,,D,,model
both,sharp,,D,,model
first,blurred,,D,,model
first,sharp,,D,,model
second,blurred,,D,,model
second,sharp,,D,,model
both,blurred,,D,,model
both,sharp,,D,,model
first,blurred,,D,,model
first,sharp,,D,,model
second,blurred,,D,,model
second,sharp,,D,,model
both,blurred,,D,,model
both,sharp,,D,,model
first,blurred,,D,,model
first,sharp,,D,,model
second,blurred,,D,,model
second,sharp,,D,,model
both,blurred,,D,,model
both,sharp,,D,,model
first,blurred,,D,,model
first,sharp,,D,,model
second,blurred,,D,,model
second,sharp,,D,,model
both,blurred,,D,,model
both,sharp,,D,,model
first,blurred,,D,,model
first,sharp,,D,,model
second,blurred,,D,,model
second,sharp,,D,,model
both,blurred,,DC,0.15182777,model
both,sharp,,DC,0.1628712,model
first,blurred,,DC,0.112000756,model
first,sharp,,DC,0.106623866,model
second,blurred,,DC,0.14544484,model
second,sharp,,DC,0.14339145,model
both,blurred,,DC,,model
both,sharp,,DC,,model
first,blurred,,DC,,model
first,sharp,,DC,,model
second,blurred,,DC,,model
second,sharp,,DC,,model
both,blurred,,DC,,model
both,sharp,,DC,,model
first,blurred,,DC,,model
first,sharp,,DC,,model
second,blurred,,DC,,model
second,sharp,,DC,,model
both,blurred,,DC,,model
both,sharp,,DC,,model
first,blurred,,DC,,model
first,sharp,,DC,,model
second,blurred,,DC,,model
second,sharp,,DC,,model
both,blurred,,DC,,model
both,sharp,,DC,,model
first,blurred,,DC,,model
first,sharp,,DC,,model
second,blurred,,DC,,model
second,sharp,,DC,,model
both,blurred,,DC,,model
both,sharp,,DC,,model
first,blurred,,DC,,model
first,sharp,,DC,,model
second,blurred,,DC,,model
second,sharp,,DC,,model
both,blurred,,DC,,model
both,sharp,,DC,,model
first,blurred,,DC,,model
first,sharp,,DC,,model
second,blurred,,DC,,model
second,sharp,,DC,,model
both,blurred,,DC,,model
both,sharp,,DC,,model
first,blurred,,DC,,model
first,sharp,,DC,,model
second,blurred,,DC,,model
second,sharp,,DC,,model
both,blurred,,DC,,model
both,sharp,,DC,,model
first,blurred,,DC,,model
first,sharp,,DC,,model
second,blurred,,DC,,model
second,sharp,,DC,,model
both,blurred,,DC,,model
both,sharp,,DC,,model
first,blurred,,DC,,model
first,sharp,,DC,,model
second,blurred,,DC,,model
second,sharp,,DC,,model
both,blurred,,DC,,model
both,sharp,,DC,,model
first,blurred,,DC,,model
first,sharp,,DC,,model
second,blurred,,DC,,model
second,sharp,,DC,,model
both,blurred,,DC,,model
both,sharp,,DC,,model
first,blurred,,DC,,model
first,sharp,,DC,,model
second,blurred,,DC,,model
second,sharp,,DC,,model
both,blurred,,DC,,model
both,sharp,,DC,,model
first,blurred,,DC,,model
first,sharp,,DC,,model
second,blurred,,DC,,model
second,sharp,,DC,,model
both,blurred,,DC,,model
both,sharp,,DC,,model
first,blurred,,DC,,model
first,sharp,,DC,,model
second,blurred,,DC,,model
second,sharp,,DC,,model
both,blurred,,DC,,model
both,sharp,,DC,,model
first,blurred,,DC,,model
first,sharp,,DC,,model
second,blurred,,DC,,model
second,sharp,,DC,,model
both,blurred,,DCF,0.089287415,model
both,sharp,,DCF,0.08041981,model
first,blurred,,DCF,0.06010122,model
first,sharp,,DCF,0.058039475,model
second,blurred,,DCF,0.08072342,model
second,sharp,,DCF,0.08338687,model
both,blurred,,DCF,,model
both,sharp,,DCF,,model
first,blurred,,DCF,,model
first,sharp,,DCF,,model
second,blurred,,DCF,,model
second,sharp,,DCF,,model
both,blurred,,DCF,,model
both,sharp,,DCF,,model
first,blurred,,DCF,,model
first,sharp,,DCF,,model
second,blurred,,DCF,,model
second,sharp,,DCF,,model
both,blurred,,DCF,,model
both,sharp,,DCF,,model
first,blurred,,DCF,,model
first,sharp,,DCF,,model
second,blurred,,DCF,,model
second,sharp,,DCF,,model
both,blurred,,DCF,,model
both,sharp,,DCF,,model
first,blurred,,DCF,,model
first,sharp,,DCF,,model
second,blurred,,DCF,,model
second,sharp,,DCF,,model
both,blurred,,DCF,,model
both,sharp,,DCF,,model
first,blurred,,DCF,,model
first,sharp,,DCF,,model
second,blurred,,DCF,,model
second,sharp,,DCF,,model
both,blurred,,DCF,,model
both,sharp,,DCF,,model
first,blurred,,DCF,,model
first,sharp,,DCF,,model
second,blurred,,DCF,,model
second,sharp,,DCF,,model
both,blurred,,DCF,,model
both,sharp,,DCF,,model
first,blurred,,DCF,,model
first,sharp,,DCF,,model
second,blurred,,DCF,,model
second,sharp,,DCF,,model
both,blurred,,DCF,,model
both,sharp,,DCF,,model
first,blurred,,DCF,,model
first,sharp,,DCF,,model
second,blurred,,DCF,,model
second,sharp,,DCF,,model
both,blurred,,DCF,,model
both,sharp,,DCF,,model
first,blurred,,DCF,,model
first,sharp,,DCF,,model
second,blurred,,DCF,,model
second,sharp,,DCF,,model
both,blurred,,DCF,,model
both,sharp,,DCF,,model
first,blurred,,DCF,,model
first,sharp,,DCF,,model
second,blurred,,DCF,,model
second,sharp,,DCF,,model
both,blurred,,DCF,,model
both,sharp,,DCF,,model
first,blurred,,DCF,,model
first,sharp,,DCF,,model
second,blurred,,DCF,,model
second,sharp,,DCF,,model
both,blurred,,DCF,,model
both,sharp,,DCF,,model
first,blurred,,DCF,,model
first,sharp,,DCF,,model
second,blurred,,DCF,,model
second,sharp,,DCF,,model
both,blurred,,DCF,,model
both,sharp,,DCF,,model
first,blurred,,DCF,,model
first,sharp,,DCF,,model
second,blurred,,DCF,,model
second,sharp,,DCF,,model
both,blurred,,DCF,,model
both,sharp,,DCF,,model
first,blurred,,DCF,,model
first,sharp,,DCF,,model
second,blurred,,DCF,,model
second,sharp,,DCF,,model
both,blurred,,DF,0.07142487,model
both,sharp,,DF,0.078209154,model
first,blurred,,DF,0.121162325,model
first,sharp,,DF,0.1385722,model
second,blurred,,DF,0.05537767,model
second,sharp,,DF,0.057941094,model
both,blurred,,DF,,model
both,sharp,,DF,,model
first,blurred,,DF,,model
first,sharp,,DF,,model
second,blurred,,DF,,model
second,sharp,,DF,,model
both,blurred,,DF,,model
both,sharp,,DF,,model
first,blurred,,DF,,model
first,sharp,,DF,,model
second,blurred,,DF,,model
second,sharp,,DF,,model
both,blurred,,DF,,model
both,sharp,,DF,,model
first,blurred,,DF,,model
first,sharp,,DF,,model
second,blurred,,DF,,model
second,sharp,,DF,,model
both,blurred,,DF,,model
both,sharp,,DF,,model
first,blurred,,DF,,model
first,sharp,,DF,,model
second,blurred,,DF,,model
second,sharp,,DF,,model
both,blurred,,DF,,model
both,sharp,,DF,,model
first,blurred,,DF,,model
first,sharp,,DF,,model
second,blurred,,DF,,model
second,sharp,,DF,,model
both,blurred,,DF,,model
both,sharp,,DF,,model
first,blurred,,DF,,model
first,sharp,,DF,,model
second,blurred,,DF,,model
second,sharp,,DF,,model
both,blurred,,DF,,model
both,sharp,,DF,,model
first,blurred,,DF,,model
first,sharp,,DF,,model
second,blurred,,DF,,model
second,sharp,,DF,,model
both,blurred,,DF,,model
both,sharp,,DF,,model
first,blurred,,DF,,model
first,sharp,,DF,,model
second,blurred,,DF,,model
second,sharp,,DF,,model
both,blurred,,DF,,model
both,sharp,,DF,,model
first,blurred,,DF,,model
first,sharp,,DF,,model
second,blurred,,DF,,model
second,sharp,,DF,,model
both,blurred,,DF,,model
both,sharp,,DF,,model
first,blurred,,DF,,model
first,sharp,,DF,,model
second,blurred,,DF,,model
second,sharp,,DF,,model
both,blurred,,DF,,model
both,sharp,,DF,,model
first,blurred,,DF,,model
first,sharp,,DF,,model
second,blurred,,DF,,model
second,sharp,,DF,,model
both,blurred,,DF,,model
both,sharp,,DF,,model
first,blurred,,DF,,model
first,sharp,,DF,,model
second,blurred,,DF,,model
second,sharp,,DF,,model
both,blurred,,DF,,model
both,sharp,,DF,,model
first,blurred,,DF,,model
first,sharp,,DF,,model
second,blurred,,DF,,model
second,sharp,,DF,,model
both,blurred,,DF,,model
both,sharp,,DF,,model
first,blurred,,DF,,model
first,sharp,,DF,,model
second,blurred,,DF,,model
second,sharp,,DF,,model
both,blurred,,DFC,0.089287415,model
both,sharp,,DFC,0.08041981,model
first,blurred,,DFC,0.06010122,model
first,sharp,,DFC,0.058039475,model
second,blurred,,DFC,0.08072341,model
second,sharp,,DFC,0.083386876,model
both,blurred,,DFC,,model
both,sharp,,DFC,,model
first,blurred,,DFC,,model
first,sharp,,DFC,,model
second,blurred,,DFC,,model
second,sharp,,DFC,,model
both,blurred,,DFC,,model
both,sharp,,DFC,,model
first,blurred,,DFC,,model
first,sharp,,DFC,,model
second,blurred,,DFC,,model
second,sharp,,DFC,,model
both,blurred,,DFC,,model
both,sharp,,DFC,,model
first,blurred,,DFC,,model
first,sharp,,DFC,,model
second,blurred,,DFC,,model
second,sharp,,DFC,,model
both,blurred,,DFC,,model
both,sharp,,DFC,,model
first,blurred,,DFC,,model
first,sharp,,DFC,,model
second,blurred,,DFC,,model
second,sharp,,DFC,,model
both,blurred,,DFC,,model
both,sharp,,DFC,,model
first,blurred,,DFC,,model
first,sharp,,DFC,,model
second,blurred,,DFC,,model
second,sharp,,DFC,,model
both,blurred,,DFC,,model
both,sharp,,DFC,,model
first,blurred,,DFC,,model
first,sharp,,DFC,,model
second,blurred,,DFC,,model
second,sharp,,DFC,,model
both,blurred,,DFC,,model
both,sharp,,DFC,,model
first,blurred,,DFC,,model
first,sharp,,DFC,,model
second,blurred,,DFC,,model
second,sharp,,DFC,,model
both,blurred,,DFC,,model
both,sharp,,DFC,,model
first,blurred,,DFC,,model
first,sharp,,DFC,,model
second,blurred,,DFC,,model
second,sharp,,DFC,,model
both,blurred,,DFC,,model
both,sharp,,DFC,,model
first,blurred,,DFC,,model
first,sharp,,DFC,,model
second,blurred,,DFC,,model
second,sharp,,DFC,,model
both,blurred,,DFC,,model
both,sharp,,DFC,,model
first,blurred,,DFC,,model
first,sharp,,DFC,,model
second,blurred,,DFC,,model
second,sharp,,DFC,,model
both,blurred,,DFC,,model
both,sharp,,DFC,,model
first,blurred,,DFC,,model
first,sharp,,DFC,,model
second,blurred,,DFC,,model
second,sharp,,DFC,,model
both,blurred,,DFC,,model
both,sharp,,DFC,,model
first,blurred,,DFC,,model
first,sharp,,DFC,,model
second,blurred,,DFC,,model
second,sharp,,DFC,,model
both,blurred,,DFC,,model
both,sharp,,DFC,,model
first,blurred,,DFC,,model
first,sharp,,DFC,,model
second,blurred,,DFC,,model
second,sharp,,DFC,,model
both,blurred,,DFC,,model
both,sharp,,DFC,,model
first,blurred,,DFC,,model
first,sharp,,DFC,,model
second,blurred,,DFC,,model
second,sharp,,DFC,,model
both,blurred,,C,0.07981417,model
both,sharp,,C,0.07973666,model
first,blurred,,C,0.06792778,model
first,sharp,,C,0.0646603,model
second,blurred,,C,0.1036953,model
second,sharp,,C,0.099280156,model
both,blurred,,C,,model
both,sharp,,C,,model
first,blurred,,C,,model
first,sharp,,C,,model
second,blurred,,C,,model
second,sharp,,C,,model
both,blurred,,C,,model
both,sharp,,C,,model
first,blurred,,C,,model
first,sharp,,C,,model
second,blurred,,C,,model
second,sharp,,C,,model
both,blurred,,C,,model
both,sharp,,C,,model
first,blurred,,C,,model
first,sharp,,C,,model
second,blurred,,C,,model
second,sharp,,C,,model
both,blurred,,C,,model
both,sharp,,C,,model
first,blurred,,C,,model
first,sharp,,C,,model
second,blurred,,C,,model
second,sharp,,C,,model
both,blurred,,C,,model
both,sharp,,C,,model
first,blurred,,C,,model
first,sharp,,C,,model
second,blurred,,C,,model
second,sharp,,C,,model
both,blurred,,C,,model
both,sharp,,C,,model
first,blurred,,C,,model
first,sharp,,C,,model
second,blurred,,C,,model
second,sharp,,C,,model
both,blurred,,C,,model
both,sharp,,C,,model
first,blurred,,C,,model
first,sharp,,C,,model
second,blurred,,C,,model
second,sharp,,C,,model
both,blurred,,C,,model
both,sharp,,C,,model
first,blurred,,C,,model
first,sharp,,C,,model
second,blurred,,C,,model
second,sharp,,C,,model
both,blurred,,C,,model
both,sharp,,C,,model
first,blurred,,C,,model
first,sharp,,C,,model
second,blurred,,C,,model
second,sharp,,C,,model
both,blurred,,C,,model
both,sharp,,C,,model
first,blurred,,C,,model
first,sharp,,C,,model
second,blurred,,C,,model
second,sharp,,C,,model
both,blurred,,C,,model
both,sharp,,C,,model
first,blurred,,C,,model
first,sharp,,C,,model
second,blurred,,C,,model
second,sharp,,C,,model
both,blurred,,C,,model
both,sharp,,C,,model
first,blurred,,C,,model
first,sharp,,C,,model
second,blurred,,C,,model
second,sharp,,C,,model
both,blurred,,C,,model
both,sharp,,C,,model
first,blurred,,C,,model
first,sharp,,C,,model
second,blurred,,C,,model
second,sharp,,C,,model
both,blurred,,C,,model
both,sharp,,C,,model
first,blurred,,C,,model
first,sharp,,C,,model
second,blurred,,C,,model
second,sharp,,C,,model
both,blurred,,CD,0.04581648,model
both,sharp,,CD,0.050998382,model
first,blurred,,CD,0.043211382,model
first,sharp,,CD,0.03544055,model
second,blurred,,CD,0.04437635,model
second,sharp,,CD,0.04317295,model
both,blurred,,CD,,model
both,sharp,,CD,,model
first,blurred,,CD,,model
first,sharp,,CD,,model
second,blurred,,CD,,model
second,sharp,,CD,,model
both,blurred,,CD,,model
both,sharp,,CD,,model
first,blurred,,CD,,model
first,sharp,,CD,,model
second,blurred,,CD,,model
second,sharp,,CD,,model
both,blurred,,CD,,model
both,sharp,,CD,,model
first,blurred,,CD,,model
first,sharp,,CD,,model
second,blurred,,CD,,model
second,sharp,,CD,,model
both,blurred,,CD,,model
both,sharp,,CD,,model
first,blurred,,CD,,model
first,sharp,,CD,,model
second,blurred,,CD,,model
second,sharp,,CD,,model
both,blurred,,CD,,model
both,sharp,,CD,,model
first,blurred,,CD,,model
first,sharp,,CD,,model
second,blurred,,CD,,model
second,sharp,,CD,,model
both,blurred,,CD,,model
both,sharp,,CD,,model
first,blurred,,CD,,model
first,sharp,,CD,,model
second,blurred,,CD,,model
second,sharp,,CD,,model
both,blurred,,CD,,model
both,sharp,,CD,,model
first,blurred,,CD,,model
first,sharp,,CD,,model
second,blurred,,CD,,model
second,sharp,,CD,,model
both,blurred,,CD,,model
both,sharp,,CD,,model
first,blurred,,CD,,model
first,sharp,,CD,,model
second,blurred,,CD,,model
second,sharp,,CD,,model
both,blurred,,CD,,model
both,sharp,,CD,,model
first,blurred,,CD,,model
first,sharp,,CD,,model
second,blurred,,CD,,model
second,sharp,,CD,,model
both,blurred,,CD,,model
both,sharp,,CD,,model
first,blurred,,CD,,model
first,sharp,,CD,,model
second,blurred,,CD,,model
second,sharp,,CD,,model
both,blurred,,CD,,model
both,sharp,,CD,,model
first,blurred,,CD,,model
first,sharp,,CD,,model
second,blurred,,CD,,model
second,sharp,,CD,,model
both,blurred,,CD,,model
both,sharp,,CD,,model
first,blurred,,CD,,model
first,sharp,,CD,,model
second,blurred,,CD,,model
second,sharp,,CD,,model
both,blurred,,CD,,model
both,sharp,,CD,,model
first,blurred,,CD,,model
first,sharp,,CD,,model
second,blurred,,CD,,model
second,sharp,,CD,,model
both,blurred,,CD,,model
both,sharp,,CD,,model
first,blurred,,CD,,model
first,sharp,,CD,,model
second,blurred,,CD,,model
second,sharp,,CD,,model
both,blurred,,CDF,0.10086208,model
both,sharp,,CDF,0.09481412,model
first,blurred,,CDF,0.07131686,model
first,sharp,,CDF,0.05683147,model
second,blurred,,CDF,0.07933434,model
second,sharp,,CDF,0.08319718,model
both,blurred,,CDF,,model
both,sharp,,CDF,,model
first,blurred,,CDF,,model
first,sharp,,CDF,,model
second,blurred,,CDF,,model
second,sharp,,CDF,,model
both,blurred,,CDF,,model
both,sharp,,CDF,,model
first,blurred,,CDF,,model
first,sharp,,CDF,,model
second,blurred,,CDF,,model
second,sharp,,CDF,,model
both,blurred,,CDF,,model
both,sharp,,CDF,,model
first,blurred,,CDF,,model
first,sharp,,CDF,,model
second,blurred,,CDF,,model
second,sharp,,CDF,,model
both,blurred,,CDF,,model
both,sharp,,CDF,,model
first,blurred,,CDF,,model
first,sharp,,CDF,,model
second,blurred,,CDF,,model
second,sharp,,CDF,,model
both,blurred,,CDF,,model
both,sharp,,CDF,,model
first,blurred,,CDF,,model
first,sharp,,CDF,,model
second,blurred,,CDF,,model
second,sharp,,CDF,,model
both,blurred,,CDF,,model
both,sharp,,CDF,,model
first,blurred,,CDF,,model
first,sharp,,CDF,,model
second,blurred,,CDF,,model
second,sharp,,CDF,,model
both,blurred,,CDF,,model
both,sharp,,CDF,,model
first,blurred,,CDF,,model
first,sharp,,CDF,,model
second,blurred,,CDF,,model
second,sharp,,CDF,,model
both,blurred,,CDF,,model
both,sharp,,CDF,,model
first,blurred,,CDF,,model
first,sharp,,CDF,,model
second,blurred,,CDF,,model
second,sharp,,CDF,,model
both,blurred,,CDF,,model
both,sharp,,CDF,,model
first,blurred,,CDF,,model
first,sharp,,CDF,,model
second,blurred,,CDF,,model
second,sharp,,CDF,,model
both,blurred,,CDF,,model
both,sharp,,CDF,,model
first,blurred,,CDF,,model
first,sharp,,CDF,,model
second,blurred,,CDF,,model
second,sharp,,CDF,,model
both,blurred,,CDF,,model
both,sharp,,CDF,,model
first,blurred,,CDF,,model
first,sharp,,CDF,,model
second,blurred,,CDF,,model
second,sharp,,CDF,,model
both,blurred,,CDF,,model
both,sharp,,CDF,,model
first,blurred,,CDF,,model
first,sharp,,CDF,,model
second,blurred,,CDF,,model
second,sharp,,CDF,,model
both,blurred,,CDF,,model
both,sharp,,CDF,,model
first,blurred,,CDF,,model
first,sharp,,CDF,,model
second,blurred,,CDF,,model
second,sharp,,CDF,,model
both,blurred,,CDF,,model
both,sharp,,CDF,,model
first,blurred,,CDF,,model
first,sharp,,CDF,,model
second,blurred,,CDF,,model
second,sharp,,CDF,,model
both,blurred,,CF,0.07913518,model
both,sharp,,CF,0.065894894,model
first,blurred,,CF,0.056203876,model
first,sharp,,CF,0.051361054,model
second,blurred,,CF,0.12152817,model
second,sharp,,CF,0.11853226,model
both,blurred,,CF,,model
both,sharp,,CF,,model
first,blurred,,CF,,model
first,sharp,,CF,,model
second,blurred,,CF,,model
second,sharp,,CF,,model
both,blurred,,CF,,model
both,sharp,,CF,,model
first,blurred,,CF,,model
first,sharp,,CF,,model
second,blurred,,CF,,model
second,sharp,,CF,,model
both,blurred,,CF,,model
both,sharp,,CF,,model
first,blurred,,CF,,model
first,sharp,,CF,,model
second,blurred,,CF,,model
second,sharp,,CF,,model
both,blurred,,CF,,model
both,sharp,,CF,,model
first,blurred,,CF,,model
first,sharp,,CF,,model
second,blurred,,CF,,model
second,sharp,,CF,,model
both,blurred,,CF,,model
both,sharp,,CF,,model
first,blurred,,CF,,model
first,sharp,,CF,,model
second,blurred,,CF,,model
second,sharp,,CF,,model
both,blurred,,CF,,model
both,sharp,,CF,,model
first,blurred,,CF,,model
first,sharp,,CF,,model
second,blurred,,CF,,model
second,sharp,,CF,,model
both,blurred,,CF,,model
both,sharp,,CF,,model
first,blurred,,CF,,model
first,sharp,,CF,,model
second,blurred,,CF,,model
second,sharp,,CF,,model
both,blurred,,CF,,model
both,sharp,,CF,,model
first,blurred,,CF,,model
first,sharp,,CF,,model
second,blurred,,CF,,model
second,sharp,,CF,,model
both,blurred,,CF,,model
both,sharp,,CF,,model
first,blurred,,CF,,model
first,sharp,,CF,,model
second,blurred,,CF,,model
second,sharp,,CF,,model
both,blurred,,CF,,model
both,sharp,,CF,,model
first,blurred,,CF,,model
first,sharp,,CF,,model
second,blurred,,CF,,model
second,sharp,,CF,,model
both,blurred,,CF,,model
both,sharp,,CF,,model
first,blurred,,CF,,model
first,sharp,,CF,,model
second,blurred,,CF,,model
second,sharp,,CF,,model
both,blurred,,CF,,model
both,sharp,,CF,,model
first,blurred,,CF,,model
first,sharp,,CF,,model
second,blurred,,CF,,model
second,sharp,,CF,,model
both,blurred,,CF,,model
both,sharp,,CF,,model
first,blurred,,CF,,model
first,sharp,,CF,,model
second,blurred,,CF,,model
second,sharp,,CF,,model
both,blurred,,CF,,model
both,sharp,,CF,,model
first,blurred,,CF,,model
first,sharp,,CF,,model
second,blurred,,CF,,model
second,sharp,,CF,,model
both,blurred,,CFD,0.043361835,model
both,sharp,,CFD,0.041574243,model
first,blurred,,CFD,0.037038445,model
first,sharp,,CFD,0.031699415,model
second,blurred,,CFD,0.03961309,model
second,sharp,,CFD,0.040808402,model
both,blurred,,CFD,,model
both,sharp,,CFD,,model
first,blurred,,CFD,,model
first,sharp,,CFD,,model
second,blurred,,CFD,,model
second,sharp,,CFD,,model
both,blurred,,CFD,,model
both,sharp,,CFD,,model
first,blurred,,CFD,,model
first,sharp,,CFD,,model
second,blurred,,CFD,,model
second,sharp,,CFD,,model
both,blurred,,CFD,,model
both,sharp,,CFD,,model
first,blurred,,CFD,,model
first,sharp,,CFD,,model
second,blurred,,CFD,,model
second,sharp,,CFD,,model
both,blurred,,CFD,,model
both,sharp,,CFD,,model
first,blurred,,CFD,,model
first,sharp,,CFD,,model
second,blurred,,CFD,,model
second,sharp,,CFD,,model
both,blurred,,CFD,,model
both,sharp,,CFD,,model
first,blurred,,CFD,,model
first,sharp,,CFD,,model
second,blurred,,CFD,,model
second,sharp,,CFD,,model
both,blurred,,CFD,,model
both,sharp,,CFD,,model
first,blurred,,CFD,,model
first,sharp,,CFD,,model
second,blurred,,CFD,,model
second,sharp,,CFD,,model
both,blurred,,CFD,,model
both,sharp,,CFD,,model
first,blurred,,CFD,,model
first,sharp,,CFD,,model
second,blurred,,CFD,,model
second,sharp,,CFD,,model
both,blurred,,CFD,,model
both,sharp,,CFD,,model
first,blurred,,CFD,,model
first,sharp,,CFD,,model
second,blurred,,CFD,,model
second,sharp,,CFD,,model
both,blurred,,CFD,,model
both,sharp,,CFD,,model
first,blurred,,CFD,,model
first,sharp,,CFD,,model
second,blurred,,CFD,,model
second,sharp,,CFD,,model
both,blurred,,CFD,,model
both,sharp,,CFD,,model
first,blurred,,CFD,,model
first,sharp,,CFD,,model
second,blurred,,CFD,,model
second,sharp,,CFD,,model
both,blurred,,CFD,,model
both,sharp,,CFD,,model
first,blurred,,CFD,,model
first,sharp,,CFD,,model
second,blurred,,CFD,,model
second,sharp,,CFD,,model
both,blurred,,CFD,,model
both,sharp,,CFD,,model
first,blurred,,CFD,,model
first,sharp,,CFD,,model
second,blurred,,CFD,,model
second,sharp,,CFD,,model
both,blurred,,CFD,,model
both,sharp,,CFD,,model
first,blurred,,CFD,,model
first,sharp,,CFD,,model
second,blurred,,CFD,,model
second,sharp,,CFD,,model
both,blurred,,CFD,,model
both,sharp,,CFD,,model
first,blurred,,CFD,,model
first,sharp,,CFD,,model
second,blurred,,CFD,,model
second,sharp,,CFD,,model
both,blurred,,F,0.060471494,model
both,sharp,,F,0.05598496,model
first,blurred,,F,0.07929989,model
first,sharp,,F,0.07641062,model
second,blurred,,F,0.058950417,model
second,sharp,,F,0.05861979,model
both,blurred,,F,,model
both,sharp,,F,,model
first,blurred,,F,,model
first,sharp,,F,,model
second,blurred,,F,,model
second,sharp,,F,,model
both,blurred,,F,,model
both,sharp,,F,,model
first,blurred,,F,,model
first,sharp,,F,,model
second,blurred,,F,,model
second,sharp,,F,,model
both,blurred,,F,,model
both,sharp,,F,,model
first,blurred,,F,,model
first,sharp,,F,,model
second,blurred,,F,,model
second,sharp,,F,,model
both,blurred,,F,,model
both,sharp,,F,,model
first,blurred,,F,,model
first,sharp,,F,,model
second,blurred,,F,,model
second,sharp,,F,,model
both,blurred,,F,,model
both,sharp,,F,,model
first,blurred,,F,,model
first,sharp,,F,,model
second,blurred,,F,,model
second,sharp,,F,,model
both,blurred,,F,,model
both,sharp,,F,,model
first,blurred,,F,,model
first,sharp,,F,,model
second,blurred,,F,,model
second,sharp,,F,,model
both,blurred,,F,,model
both,sharp,,F,,model
first,blurred,,F,,model
first,sharp,,F,,model
second,blurred,,F,,model
second,sharp,,F,,model
both,blurred,,F,,model
both,sharp,,F,,model
first,blurred,,F,,model
first,sharp,,F,,model
second,blurred,,F,,model
second,sharp,,F,,model
both,blurred,,F,,model
both,sharp,,F,,model
first,blurred,,F,,model
first,sharp,,F,,model
second,blurred,,F,,model
second,sharp,,F,,model
both,blurred,,F,,model
both,sharp,,F,,model
first,blurred,,F,,model
first,sharp,,F,,model
second,blurred,,F,,model
second,sharp,,F,,model
both,blurred,,F,,model
both,sharp,,F,,model
first,blurred,,F,,model
first,sharp,,F,,model
second,blurred,,F,,model
second,sharp,,F,,model
both,blurred,,F,,model
both,sharp,,F,,model
first,blurred,,F,,model
first,sharp,,F,,model
second,blurred,,F,,model
second,sharp,,F,,model
both,blurred,,F,,model
both,sharp,,F,,model
first,blurred,,F,,model
first,sharp,,F,,model
second,blurred,,F,,model
second,sharp,,F,,model
both,blurred,,F,,model
both,sharp,,F,,model
first,blurred,,F,,model
first,sharp,,F,,model
second,blurred,,F,,model
second,sharp,,F,,model
both,blurred,,FD,0.07653925,model
both,sharp,,FD,0.086505555,model
first,blurred,,FD,0.12769516,model
first,sharp,,FD,0.14609174,model
second,blurred,,FD,0.05540836,model
second,sharp,,FD,0.058548603,model
both,blurred,,FD,,model
both,sharp,,FD,,model
first,blurred,,FD,,model
first,sharp,,FD,,model
second,blurred,,FD,,model
second,sharp,,FD,,model
both,blurred,,FD,,model
both,sharp,,FD,,model
first,blurred,,FD,,model
first,sharp,,FD,,model
second,blurred,,FD,,model
second,sharp,,FD,,model
both,blurred,,FD,,model
both,sharp,,FD,,model
first,blurred,,FD,,model
first,sharp,,FD,,model
second,blurred,,FD,,model
second,sharp,,FD,,model
both,blurred,,FD,,model
both,sharp,,FD,,model
first,blurred,,FD,,model
first,sharp,,FD,,model
second,blurred,,FD,,model
second,sharp,,FD,,model
both,blurred,,FD,,model
both,sharp,,FD,,model
first,blurred,,FD,,model
first,sharp,,FD,,model
second,blurred,,FD,,model
second,sharp,,FD,,model
both,blurred,,FD,,model
both,sharp,,FD,,model
first,blurred,,FD,,model
first,sharp,,FD,,model
second,blurred,,FD,,model
second,sharp,,FD,,model
both,blurred,,FD,,model
both,sharp,,FD,,model
first,blurred,,FD,,model
first,sharp,,FD,,model
second,blurred,,FD,,model
second,sharp,,FD,,model
both,blurred,,FD,,model
both,sharp,,FD,,model
first,blurred,,FD,,model
first,sharp,,FD,,model
second,blurred,,FD,,model
second,sharp,,FD,,model
both,blurred,,FD,,model
both,sharp,,FD,,model
first,blurred,,FD,,model
first,sharp,,FD,,model
second,blurred,,FD,,model
second,sharp,,FD,,model
both,blurred,,FD,,model
both,sharp,,FD,,model
first,blurred,,FD,,model
first,sharp,,FD,,model
second,blurred,,FD,,model
second,sharp,,FD,,model
both,blurred,,FD,,model
both,sharp,,FD,,model
first,blurred,,FD,,model
first,sharp,,FD,,model
second,blurred,,FD,,model
second,sharp,,FD,,model
both,blurred,,FD,,model
both,sharp,,FD,,model
first,blurred,,FD,,model
first,sharp,,FD,,model
second,blurred,,FD,,model
second,sharp,,FD,,model
both,blurred,,FD,,model
both,sharp,,FD,,model
first,blurred,,FD,,model
first,sharp,,FD,,model
second,blurred,,FD,,model
second,sharp,,FD,,model
both,blurred,,FD,,model
both,sharp,,FD,,model
first,blurred,,FD,,model
first,sharp,,FD,,model
second,blurred,,FD,,model
second,sharp,,FD,,model
both,blurred,,FDC,0.04356988,model
both,sharp,,FDC,0.041906346,model
first,blurred,,FDC,0.03370695,model
first,sharp,,FDC,0.035208203,model
second,blurred,,FDC,0.0396153,model
second,sharp,,FDC,0.040792804,model
both,blurred,,FDC,,model
both,sharp,,FDC,,model
first,blurred,,FDC,,model
first,sharp,,FDC,,model
second,blurred,,FDC,,model
second,sharp,,FDC,,model
both,blurred,,FDC,,model
both,sharp,,FDC,,model
first,blurred,,FDC,,model
first,sharp,,FDC,,model
second,blurred,,FDC,,model
second,sharp,,FDC,,model
both,blurred,,FDC,,model
both,sharp,,FDC,,model
first,blurred,,FDC,,model
first,sharp,,FDC,,model
second,blurred,,FDC,,model
second,sharp,,FDC,,model
both,blurred,,FDC,,model
both,sharp,,FDC,,model
first,blurred,,FDC,,model
first,sharp,,FDC,,model
second,blurred,,FDC,,model
second,sharp,,FDC,,model
both,blurred,,FDC,,model
both,sharp,,FDC,,model
first,blurred,,FDC,,model
first,sharp,,FDC,,model
second,blurred,,FDC,,model
second,sharp,,FDC,,model
both,blurred,,FDC,,model
both,sharp,,FDC,,model
first,blurred,,FDC,,model
first,sharp,,FDC,,model
second,blurred,,FDC,,model
second,sharp,,FDC,,model
both,blurred,,FDC,,model
both,sharp,,FDC,,model
first,blurred,,FDC,,model
first,sharp,,FDC,,model
second,blurred,,FDC,,model
second,sharp,,FDC,,model
both,blurred,,FDC,,model
both,sharp,,FDC,,model
first,blurred,,FDC,,model
first,sharp,,FDC,,model
second,blurred,,FDC,,model
second,sharp,,FDC,,model
both,blurred,,FDC,,model
both,sharp,,FDC,,model
first,blurred,,FDC,,model
first,sharp,,FDC,,model
second,blurred,,FDC,,model
second,sharp,,FDC,,model
both,blurred,,FDC,,model
both,sharp,,FDC,,model
first,blurred,,FDC,,model
first,sharp,,FDC,,model
second,blurred,,FDC,,model
second,sharp,,FDC,,model
both,blurred,,FDC,,model
both,sharp,,FDC,,model
first,blurred,,FDC,,model
first,sharp,,FDC,,model
second,blurred,,FDC,,model
second,sharp,,FDC,,model
both,blurred,,FDC,,model
both,sharp,,FDC,,model
first,blurred,,FDC,,model
first,sharp,,FDC,,model
second,blurred,,FDC,,model
second,sharp,,FDC,,model
both,blurred,,FDC,,model
both,sharp,,FDC,,model
first,blurred,,FDC,,model
first,sharp,,FDC,,model
second,blurred,,FDC,,model
second,sharp,,FDC,,model
both,blurred,,FDC,,model
both,sharp,,FDC,,model
first,blurred,,FDC,,model
first,sharp,,FDC,,model
second,blurred,,FDC,,model
second,sharp,,FDC,,model
both,blurred,,FC,0.029632676,model
both,sharp,,FC,0.026068943,model
first,blurred,,FC,0.02301007,model
first,sharp,,FC,0.023210945,model
second,blurred,,FC,0.03728358,model
second,sharp,,FC,0.037153356,model
both,blurred,,FC,,model
both,sharp,,FC,,model
first,blurred,,FC,,model
first,sharp,,FC,,model
second,blurred,,FC,,model
second,sharp,,FC,,model
both,blurred,,FC,,model
both,sharp,,FC,,model
first,blurred,,FC,,model
first,sharp,,FC,,model
second,blurred,,FC,,model
second,sharp,,FC,,model
both,blurred,,FC,,model
both,sharp,,FC,,model
first,blurred,,FC,,model
first,sharp,,FC,,model
second,blurred,,FC,,model
second,sharp,,FC,,model
both,blurred,,FC,,model
both,sharp,,FC,,model
first,blurred,,FC,,model
first,sharp,,FC,,model
second,blurred,,FC,,model
second,sharp,,FC,,model
both,blurred,,FC,,model
both,sharp,,FC,,model
first,blurred,,FC,,model
first,sharp,,FC,,model
second,blurred,,FC,,model
second,sharp,,FC,,model
both,blurred,,FC,,model
both,sharp,,FC,,model
first,blurred,,FC,,model
first,sharp,,FC,,model
second,blurred,,FC,,model
second,sharp,,FC,,model
both,blurred,,FC,,model
both,sharp,,FC,,model
first,blurred,,FC,,model
first,sharp,,FC,,model
second,blurred,,FC,,model
second,sharp,,FC,,model
both,blurred,,FC,,model
both,sharp,,FC,,model
first,blurred,,FC,,model
first,sharp,,FC,,model
second,blurred,,FC,,model
second,sharp,,FC,,model
both,blurred,,FC,,model
both,sharp,,FC,,model
first,blurred,,FC,,model
first,sharp,,FC,,model
second,blurred,,FC,,model
second,sharp,,FC,,model
both,blurred,,FC,,model
both,sharp,,FC,,model
first,blurred,,FC,,model
first,sharp,,FC,,model
second,blurred,,FC,,model
second,sharp,,FC,,model
both,blurred,,FC,,model
both,sharp,,FC,,model
first,blurred,,FC,,model
first,sharp,,FC,,model
second,blurred,,FC,,model
second,sharp,,FC,,model
both,blurred,,FC,,model
both,sharp,,FC,,model
first,blurred,,FC,,model
first,sharp,,FC,,model
second,blurred,,FC,,model
second,sharp,,FC,,model
both,blurred,,FC,,model
both,sharp,,FC,,model
first,blurred,,FC,,model
first,sharp,,FC,,model
second,blurred,,FC,,model
second,sharp,,FC,,model
both,blurred,,FC,,model
both,sharp,,FC,,model
first,blurred,,FC,,model
first,sharp,,FC,,model
second,blurred,,FC,,model
second,sharp,,FC,,model
both,blurred,,FCD,0.043361835,model
both,sharp,,FCD,0.041574243,model
first,blurred,,FCD,0.037038445,model
first,sharp,,FCD,0.031699415,model
second,blurred,,FCD,0.03961309,model
second,sharp,,FCD,0.040808402,model
both,blurred,,FCD,,model
both,sharp,,FCD,,model
first,blurred,,FCD,,model
first,sharp,,FCD,,model
second,blurred,,FCD,,model
second,sharp,,FCD,,model
both,blurred,,FCD,,model
both,sharp,,FCD,,model
first,blurred,,FCD,,model
first,sharp,,FCD,,model
second,blurred,,FCD,,model
second,sharp,,FCD,,model
both,blurred,,FCD,,model
both,sharp,,FCD,,model
first,blurred,,FCD,,model
first,sharp,,FCD,,model
second,blurred,,FCD,,model
second,sharp,,FCD,,model
both,blurred,,FCD,,model
both,sharp,,FCD,,model
first,blurred,,FCD,,model
first,sharp,,FCD,,model
second,blurred,,FCD,,model
second,sharp,,FCD,,model
both,blurred,,FCD,,model
both,sharp,,FCD,,model
first,blurred,,FCD,,model
first,sharp,,FCD,,model
second,blurred,,FCD,,model
second,sharp,,FCD,,model
both,blurred,,FCD,,model
both,sharp,,FCD,,model
first,blurred,,FCD,,model
first,sharp,,FCD,,model
second,blurred,,FCD,,model
second,sharp,,FCD,,model
both,blurred,,FCD,,model
both,sharp,,FCD,,model
first,blurred,,FCD,,model
first,sharp,,FCD,,model
second,blurred,,FCD,,model
second,sharp,,FCD,,model
both,blurred,,FCD,,model
both,sharp,,FCD,,model
first,blurred,,FCD,,model
first,sharp,,FCD,,model
second,blurred,,FCD,,model
second,sharp,,FCD,,model
both,blurred,,FCD,,model
both,sharp,,FCD,,model
first,blurred,,FCD,,model
first,sharp,,FCD,,model
second,blurred,,FCD,,model
second,sharp,,FCD,,model
both,blurred,,FCD,,model
both,sharp,,FCD,,model
first,blurred,,FCD,,model
first,sharp,,FCD,,model
second,blurred,,FCD,,model
second,sharp,,FCD,,model
both,blurred,,FCD,,model
both,sharp,,FCD,,model
first,blurred,,FCD,,model
first,sharp,,FCD,,model
second,blurred,,FCD,,model
second,sharp,,FCD,,model
both,blurred,,FCD,,model
both,sharp,,FCD,,model
first,blurred,,FCD,,model
first,sharp,,FCD,,model
second,blurred,,FCD,,model
second,sharp,,FCD,,model
both,blurred,,FCD,,model
both,sharp,,FCD,,model
first,blurred,,FCD,,model
first,sharp,,FCD,,model
second,blurred,,FCD,,model
second,sharp,,FCD,,model
both,blurred,,FCD,,model
both,sharp,,FCD,,model
first,blurred,,FCD,,model
first,sharp,,FCD,,model
second,blurred,,FCD,,model
second,sharp,,FCD,,model
