size_adj,form_adj,color_adj,order_key,ordered_string
großer,herzförmiger,grauer,G,großer Aufkleber
großer,herzförmiger,grauer,F,herzförmiger Aufkleber
großer,herzförmiger,grauer,F,grauer Aufkleber
großer,herzförmiger,grauer,GF,großer herzförmiger Aufkleber
großer,herzförmiger,grauer,GF,großer grauer Aufkleber
großer,herzförmiger,grauer,FG,herzförmiger großer Aufkleber
großer,herzförmiger,grauer,FF,herzförmiger grauer Aufkleber
großer,herzförmiger,grauer,FG,grauer großer Aufkleber
großer,herzförmiger,grauer,FF,grauer herzförmiger Aufkleber
großer,herzförmiger,grauer,GFF,großer herzförmiger grauer Aufkleber
großer,herzförmiger,grauer,GFF,großer grauer herzförmiger Aufkleber
großer,herzförmiger,grauer,FGF,herzförmiger großer grauer Aufkleber
großer,herzförmiger,grauer,FFG,herzförmiger grauer großer Aufkleber
großer,herzförmiger,grauer,FGF,grauer großer herzförmiger Aufkleber
großer,herzförmiger,grauer,FFG,grauer herzförmiger großer Aufkleber
großer,herzförmiger,grüner,G,großer Aufkleber
großer,herzförmiger,grüner,F,herzförmiger Aufkleber
großer,herzförmiger,grüner,F,grüner Aufkleber
großer,herzförmiger,grüner,GF,großer herzförmiger Aufkleber
großer,herzförmiger,grüner,GF,großer grüner Aufkleber
großer,herzförmiger,grüner,FG,herzförmiger großer Aufkleber
großer,herzförmiger,grüner,FF,herzförmiger grüner Aufkleber
großer,herzförmiger,grüner,FG,grüner großer Aufkleber
großer,herzförmiger,grüner,FF,grüner herzförmiger Aufkleber
großer,herzförmiger,grüner,GFF,großer herzförmiger grüner Aufkleber
großer,herzförmiger,grüner,GFF,großer grüner herzförmiger Aufkleber
großer,herzförmiger,grüner,FGF,herzförmiger großer grüner Aufkleber
großer,herzförmiger,grüner,FFG,herzförmiger grüner großer Aufkleber
großer,herzförmiger,grüner,FGF,grüner großer herzförmiger Aufkleber
großer,herzförmiger,grüner,FFG,grüner herzförmiger großer Aufkleber
großer,herzförmiger,blauer,G,großer Aufkleber
großer,herzförmiger,blauer,F,herzförmiger Aufkleber
großer,herzförmiger,blauer,F,blauer Aufkleber
großer,herzförmiger,blauer,GF,großer herzförmiger Aufkleber
großer,herzförmiger,blauer,GF,großer blauer Aufkleber
großer,herzförmiger,blauer,FG,herzförmiger großer Aufkleber
großer,herzförmiger,blauer,FF,herzförmiger blauer Aufkleber
großer,herzförmiger,blauer,FG,blauer großer Aufkleber
großer,herzförmiger,blauer,FF,blauer herzförmiger Aufkleber
großer,herzförmiger,blauer,GFF,großer herzförmiger blauer Aufkleber
großer,herzförmiger,blauer,GFF,großer blauer herzförmiger Aufkleber
großer,herzförmiger,blauer,FGF,herzförmiger großer blauer Aufkleber
großer,herzförmiger,blauer,FFG,herzförmiger blauer großer Aufkleber
großer,herzförmiger,blauer,FGF,blauer großer herzförmiger Aufkleber
großer,herzförmiger,blauer,FFG,blauer herzförmiger großer Aufkleber
großer,herzförmiger,schwarzer,G,großer Aufkleber
großer,herzförmiger,schwarzer,F,herzförmiger Aufkleber
großer,herzförmiger,schwarzer,F,schwarzer Aufkleber
großer,herzförmiger,schwarzer,GF,großer herzförmiger Aufkleber
großer,herzförmiger,schwarzer,GF,großer schwarzer Aufkleber
großer,herzförmiger,schwarzer,FG,herzförmiger großer Aufkleber
großer,herzförmiger,schwarzer,FF,herzförmiger schwarzer Aufkleber
großer,herzförmiger,schwarzer,FG,schwarzer großer Aufkleber
großer,herzförmiger,schwarzer,FF,schwarzer herzförmiger Aufkleber
großer,herzförmiger,schwarzer,GFF,großer herzförmiger schwarzer Aufkleber
großer,herzförmiger,schwarzer,GFF,großer schwarzer herzförmiger Aufkleber
großer,herzförmiger,schwarzer,FGF,herzförmiger großer schwarzer Aufkleber
großer,herzförmiger,schwarzer,FFG,herzförmiger schwarzer großer Aufkleber
großer,herzförmiger,schwarzer,FGF,schwarzer großer herzförmiger Aufkleber
großer,herzförmiger,schwarzer,FFG,schwarzer herzförmiger großer Aufkleber
großer,herzförmiger,orangener,G,großer Aufkleber
großer,herzförmiger,orangener,F,herzförmiger Aufkleber
großer,herzförmiger,orangener,F,orangener Aufkleber
großer,herzförmiger,orangener,GF,großer herzförmiger Aufkleber
großer,herzförmiger,orangener,GF,großer orangener Aufkleber
großer,herzförmiger,orangener,FG,herzförmiger großer Aufkleber
großer,herzförmiger,orangener,FF,herzförmiger orangener Aufkleber
großer,herzförmiger,orangener,FG,orangener großer Aufkleber
großer,herzförmiger,orangener,FF,orangener herzförmiger Aufkleber
großer,herzförmiger,orangener,GFF,großer herzförmiger orangener Aufkleber
großer,herzförmiger,orangener,GFF,großer orangener herzförmiger Aufkleber
großer,herzförmiger,orangener,FGF,herzförmiger großer orangener Aufkleber
großer,herzförmiger,orangener,FFG,herzförmiger orangener großer Aufkleber
großer,herzförmiger,orangener,FGF,orangener großer herzförmiger Aufkleber
großer,herzförmiger,orangener,FFG,orangener herzförmiger großer Aufkleber
großer,herzförmiger,brauner,G,großer Aufkleber
großer,herzförmiger,brauner,F,herzförmiger Aufkleber
großer,herzförmiger,brauner,F,brauner Aufkleber
großer,herzförmiger,brauner,GF,großer herzförmiger Aufkleber
großer,herzförmiger,brauner,GF,großer brauner Aufkleber
großer,herzförmiger,brauner,FG,herzförmiger großer Aufkleber
großer,herzförmiger,brauner,FF,herzförmiger brauner Aufkleber
großer,herzförmiger,brauner,FG,brauner großer Aufkleber
großer,herzförmiger,brauner,FF,brauner herzförmiger Aufkleber
großer,herzförmiger,brauner,GFF,großer herzförmiger brauner Aufkleber
großer,herzförmiger,brauner,GFF,großer brauner herzförmiger Aufkleber
großer,herzförmiger,brauner,FGF,herzförmiger großer brauner Aufkleber
großer,herzförmiger,brauner,FFG,herzförmiger brauner großer Aufkleber
großer,herzförmiger,brauner,FGF,brauner großer herzförmiger Aufkleber
großer,herzförmiger,brauner,FFG,brauner herzförmiger großer Aufkleber
großer,sternförmiger,grauer,G,großer Aufkleber
großer,sternförmiger,grauer,F,sternförmiger Aufkleber
großer,sternförmiger,grauer,F,grauer Aufkleber
großer,sternförmiger,grauer,GF,großer sternförmiger Aufkleber
großer,sternförmiger,grauer,GF,großer grauer Aufkleber
großer,sternförmiger,grauer,FG,sternförmiger großer Aufkleber
großer,sternförmiger,grauer,FF,sternförmiger grauer Aufkleber
großer,sternförmiger,grauer,FG,grauer großer Aufkleber
großer,sternförmiger,grauer,FF,grauer sternförmiger Aufkleber
großer,sternförmiger,grauer,GFF,großer sternförmiger grauer Aufkleber
großer,sternförmiger,grauer,GFF,großer grauer sternförmiger Aufkleber
großer,sternförmiger,grauer,FGF,sternförmiger großer grauer Aufkleber
großer,sternförmiger,grauer,FFG,sternförmiger grauer großer Aufkleber
großer,sternförmiger,grauer,FGF,grauer großer sternförmiger Aufkleber
großer,sternförmiger,grauer,FFG,grauer sternförmiger großer Aufkleber
großer,sternförmiger,grüner,G,großer Aufkleber
großer,sternförmiger,grüner,F,sternförmiger Aufkleber
großer,sternförmiger,grüner,F,grüner Aufkleber
großer,sternförmiger,grüner,GF,großer sternförmiger Aufkleber
großer,sternförmiger,grüner,GF,großer grüner Aufkleber
großer,sternförmiger,grüner,FG,sternförmiger großer Aufkleber
großer,sternförmiger,grüner,FF,sternförmiger grüner Aufkleber
großer,sternförmiger,grüner,FG,grüner großer Aufkleber
großer,sternförmiger,grüner,FF,grüner sternförmiger Aufkleber
großer,sternförmiger,grüner,GFF,großer sternförmiger grüner Aufkleber
großer,sternförmiger,grüner,GFF,großer grüner sternförmiger Aufkleber
großer,sternförmiger,grüner,FGF,sternförmiger großer grüner Aufkleber
großer,sternförmiger,grüner,FFG,sternförmiger grüner großer Aufkleber
großer,sternförmiger,grüner,FGF,grüner großer sternförmiger Aufkleber
großer,sternförmiger,grüner,FFG,grüner sternförmiger großer Aufkleber
großer,sternförmiger,blauer,G,großer Aufkleber
großer,sternförmiger,blauer,F,sternförmiger Aufkleber
großer,sternförmiger,blauer,F,blauer Aufkleber
großer,sternförmiger,blauer,GF,großer sternförmiger Aufkleber
großer,sternförmiger,blauer,GF,großer blauer Aufkleber
großer,sternförmiger,blauer,FG,sternförmiger großer Aufkleber
großer,sternförmiger,blauer,FF,sternförmiger blauer Aufkleber
großer,sternförmiger,blauer,FG,blauer großer Aufkleber
großer,sternförmiger,blauer,FF,blauer sternförmiger Aufkleber
großer,sternförmiger,blauer,GFF,großer sternförmiger blauer Aufkleber
großer,sternförmiger,blauer,GFF,großer blauer sternförmiger Aufkleber
großer,sternförmiger,blauer,FGF,sternförmiger großer blauer Aufkleber
großer,sternförmiger,blauer,FFG,sternförmiger blauer großer Aufkleber
großer,sternförmiger,blauer,FGF,blauer großer sternförmiger Aufkleber
großer,sternförmiger,blauer,FFG,blauer sternförmiger großer Aufkleber
großer,sternförmiger,schwarzer,G,großer Aufkleber
großer,sternförmiger,schwarzer,F,sternförmiger Aufkleber
großer,sternförmiger,schwarzer,F,schwarzer Aufkleber
großer,sternförmiger,schwarzer,GF,großer sternförmiger Aufkleber
großer,sternförmiger,schwarzer,GF,großer schwarzer Aufkleber
großer,sternförmiger,schwarzer,FG,sternförmiger großer Aufkleber
großer,sternförmiger,schwarzer,FF,sternförmiger schwarzer Aufkleber
großer,sternförmiger,schwarzer,FG,schwarzer großer Aufkleber
großer,sternförmiger,schwarzer,FF,schwarzer sternförmiger Aufkleber
großer,sternförmiger,schwarzer,GFF,großer sternförmiger schwarzer Aufkleber
großer,sternförmiger,schwarzer,GFF,großer schwarzer sternförmiger Aufkleber
großer,sternförmiger,schwarzer,FGF,sternförmiger großer schwarzer Aufkleber
großer,sternförmiger,schwarzer,FFG,sternförmiger schwarzer großer Aufkleber
großer,sternförmiger,schwarzer,FGF,schwarzer großer sternförmiger Aufkleber
großer,sternförmiger,schwarzer,FFG,schwarzer sternförmiger großer Aufkleber
großer,sternförmiger,orangener,G,großer Aufkleber
großer,sternförmiger,orangener,F,sternförmiger Aufkleber
großer,sternförmiger,orangener,F,orangener Aufkleber
großer,sternförmiger,orangener,GF,großer sternförmiger Aufkleber
großer,sternförmiger,orangener,GF,großer orangener Aufkleber
großer,sternförmiger,orangener,FG,sternförmiger großer Aufkleber
großer,sternförmiger,orangener,FF,sternförmiger orangener Aufkleber
großer,sternförmiger,orangener,FG,orangener großer Aufkleber
großer,sternförmiger,orangener,FF,orangener sternförmiger Aufkleber
großer,sternförmiger,orangener,GFF,großer sternförmiger orangener Aufkleber
großer,sternförmiger,orangener,GFF,großer orangener sternförmiger Aufkleber
großer,sternförmiger,orangener,FGF,sternförmiger großer orangener Aufkleber
großer,sternförmiger,orangener,FFG,sternförmiger orangener großer Aufkleber
großer,sternförmiger,orangener,FGF,orangener großer sternförmiger Aufkleber
großer,sternförmiger,orangener,FFG,orangener sternförmiger großer Aufkleber
großer,sternförmiger,brauner,G,großer Aufkleber
großer,sternförmiger,brauner,F,sternförmiger Aufkleber
großer,sternförmiger,brauner,F,brauner Aufkleber
großer,sternförmiger,brauner,GF,großer sternförmiger Aufkleber
großer,sternförmiger,brauner,GF,großer brauner Aufkleber
großer,sternförmiger,brauner,FG,sternförmiger großer Aufkleber
großer,sternförmiger,brauner,FF,sternförmiger brauner Aufkleber
großer,sternförmiger,brauner,FG,brauner großer Aufkleber
großer,sternförmiger,brauner,FF,brauner sternförmiger Aufkleber
großer,sternförmiger,brauner,GFF,großer sternförmiger brauner Aufkleber
großer,sternförmiger,brauner,GFF,großer brauner sternförmiger Aufkleber
großer,sternförmiger,brauner,FGF,sternförmiger großer brauner Aufkleber
großer,sternförmiger,brauner,FFG,sternförmiger brauner großer Aufkleber
großer,sternförmiger,brauner,FGF,brauner großer sternförmiger Aufkleber
großer,sternförmiger,brauner,FFG,brauner sternförmiger großer Aufkleber
großer,diamantförmiger,grauer,G,großer Aufkleber
großer,diamantförmiger,grauer,F,diamantförmiger Aufkleber
großer,diamantförmiger,grauer,F,grauer Aufkleber
großer,diamantförmiger,grauer,GF,großer diamantförmiger Aufkleber
großer,diamantförmiger,grauer,GF,großer grauer Aufkleber
großer,diamantförmiger,grauer,FG,diamantförmiger großer Aufkleber
großer,diamantförmiger,grauer,FF,diamantförmiger grauer Aufkleber
großer,diamantförmiger,grauer,FG,grauer großer Aufkleber
großer,diamantförmiger,grauer,FF,grauer diamantförmiger Aufkleber
großer,diamantförmiger,grauer,GFF,großer diamantförmiger grauer Aufkleber
großer,diamantförmiger,grauer,GFF,großer grauer diamantförmiger Aufkleber
großer,diamantförmiger,grauer,FGF,diamantförmiger großer grauer Aufkleber
großer,diamantförmiger,grauer,FFG,diamantförmiger grauer großer Aufkleber
großer,diamantförmiger,grauer,FGF,grauer großer diamantförmiger Aufkleber
großer,diamantförmiger,grauer,FFG,grauer diamantförmiger großer Aufkleber
großer,diamantförmiger,grüner,G,großer Aufkleber
großer,diamantförmiger,grüner,F,diamantförmiger Aufkleber
großer,diamantförmiger,grüner,F,grüner Aufkleber
großer,diamantförmiger,grüner,GF,großer diamantförmiger Aufkleber
großer,diamantförmiger,grüner,GF,großer grüner Aufkleber
großer,diamantförmiger,grüner,FG,diamantförmiger großer Aufkleber
großer,diamantförmiger,grüner,FF,diamantförmiger grüner Aufkleber
großer,diamantförmiger,grüner,FG,grüner großer Aufkleber
großer,diamantförmiger,grüner,FF,grüner diamantförmiger Aufkleber
großer,diamantförmiger,grüner,GFF,großer diamantförmiger grüner Aufkleber
großer,diamantförmiger,grüner,GFF,großer grüner diamantförmiger Aufkleber
großer,diamantförmiger,grüner,FGF,diamantförmiger großer grüner Aufkleber
großer,diamantförmiger,grüner,FFG,diamantförmiger grüner großer Aufkleber
großer,diamantförmiger,grüner,FGF,grüner großer diamantförmiger Aufkleber
großer,diamantförmiger,grüner,FFG,grüner diamantförmiger großer Aufkleber
großer,diamantförmiger,blauer,G,großer Aufkleber
großer,diamantförmiger,blauer,F,diamantförmiger Aufkleber
großer,diamantförmiger,blauer,F,blauer Aufkleber
großer,diamantförmiger,blauer,GF,großer diamantförmiger Aufkleber
großer,diamantförmiger,blauer,GF,großer blauer Aufkleber
großer,diamantförmiger,blauer,FG,diamantförmiger großer Aufkleber
großer,diamantförmiger,blauer,FF,diamantförmiger blauer Aufkleber
großer,diamantförmiger,blauer,FG,blauer großer Aufkleber
großer,diamantförmiger,blauer,FF,blauer diamantförmiger Aufkleber
großer,diamantförmiger,blauer,GFF,großer diamantförmiger blauer Aufkleber
großer,diamantförmiger,blauer,GFF,großer blauer diamantförmiger Aufkleber
großer,diamantförmiger,blauer,FGF,diamantförmiger großer blauer Aufkleber
großer,diamantförmiger,blauer,FFG,diamantförmiger blauer großer Aufkleber
großer,diamantförmiger,blauer,FGF,blauer großer diamantförmiger Aufkleber
großer,diamantförmiger,blauer,FFG,blauer diamantförmiger großer Aufkleber
großer,diamantförmiger,schwarzer,G,großer Aufkleber
großer,diamantförmiger,schwarzer,F,diamantförmiger Aufkleber
großer,diamantförmiger,schwarzer,F,schwarzer Aufkleber
großer,diamantförmiger,schwarzer,GF,großer diamantförmiger Aufkleber
großer,diamantförmiger,schwarzer,GF,großer schwarzer Aufkleber
großer,diamantförmiger,schwarzer,FG,diamantförmiger großer Aufkleber
großer,diamantförmiger,schwarzer,FF,diamantförmiger schwarzer Aufkleber
großer,diamantförmiger,schwarzer,FG,schwarzer großer Aufkleber
großer,diamantförmiger,schwarzer,FF,schwarzer diamantförmiger Aufkleber
großer,diamantförmiger,schwarzer,GFF,großer diamantförmiger schwarzer Aufkleber
großer,diamantförmiger,schwarzer,GFF,großer schwarzer diamantförmiger Aufkleber
großer,diamantförmiger,schwarzer,FGF,diamantförmiger großer schwarzer Aufkleber
großer,diamantförmiger,schwarzer,FFG,diamantförmiger schwarzer großer Aufkleber
großer,diamantförmiger,schwarzer,FGF,schwarzer großer diamantförmiger Aufkleber
großer,diamantförmiger,schwarzer,FFG,schwarzer diamantförmiger großer Aufkleber
großer,diamantförmiger,orangener,G,großer Aufkleber
großer,diamantförmiger,orangener,F,diamantförmiger Aufkleber
großer,diamantförmiger,orangener,F,orangener Aufkleber
großer,diamantförmiger,orangener,GF,großer diamantförmiger Aufkleber
großer,diamantförmiger,orangener,GF,großer orangener Aufkleber
großer,diamantförmiger,orangener,FG,diamantförmiger großer Aufkleber
großer,diamantförmiger,orangener,FF,diamantförmiger orangener Aufkleber
großer,diamantförmiger,orangener,FG,orangener großer Aufkleber
großer,diamantförmiger,orangener,FF,orangener diamantförmiger Aufkleber
großer,diamantförmiger,orangener,GFF,großer diamantförmiger orangener Aufkleber
großer,diamantförmiger,orangener,GFF,großer orangener diamantförmiger Aufkleber
großer,diamantförmiger,orangener,FGF,diamantförmiger großer orangener Aufkleber
großer,diamantförmiger,orangener,FFG,diamantförmiger orangener großer Aufkleber
großer,diamantförmiger,orangener,FGF,orangener großer diamantförmiger Aufkleber
großer,diamantförmiger,orangener,FFG,orangener diamantförmiger großer Aufkleber
großer,diamantförmiger,brauner,G,großer Aufkleber
großer,diamantförmiger,brauner,F,diamantförmiger Aufkleber
großer,diamantförmiger,brauner,F,brauner Aufkleber
großer,diamantförmiger,brauner,GF,großer diamantförmiger Aufkleber
großer,diamantförmiger,brauner,GF,großer brauner Aufkleber
großer,diamantförmiger,brauner,FG,diamantförmiger großer Aufkleber
großer,diamantförmiger,brauner,FF,diamantförmiger brauner Aufkleber
großer,diamantförmiger,brauner,FG,brauner großer Aufkleber
großer,diamantförmiger,brauner,FF,brauner diamantförmiger Aufkleber
großer,diamantförmiger,brauner,GFF,großer diamantförmiger brauner Aufkleber
großer,diamantförmiger,brauner,GFF,großer brauner diamantförmiger Aufkleber
großer,diamantförmiger,brauner,FGF,diamantförmiger großer brauner Aufkleber
großer,diamantförmiger,brauner,FFG,diamantförmiger brauner großer Aufkleber
großer,diamantförmiger,brauner,FGF,brauner großer diamantförmiger Aufkleber
großer,diamantförmiger,brauner,FFG,brauner diamantförmiger großer Aufkleber
großer,dreieckiger,grauer,G,großer Aufkleber
großer,dreieckiger,grauer,F,dreieckiger Aufkleber
großer,dreieckiger,grauer,F,grauer Aufkleber
großer,dreieckiger,grauer,GF,großer dreieckiger Aufkleber
großer,dreieckiger,grauer,GF,großer grauer Aufkleber
großer,dreieckiger,grauer,FG,dreieckiger großer Aufkleber
großer,dreieckiger,grauer,FF,dreieckiger grauer Aufkleber
großer,dreieckiger,grauer,FG,grauer großer Aufkleber
großer,dreieckiger,grauer,FF,grauer dreieckiger Aufkleber
großer,dreieckiger,grauer,GFF,großer dreieckiger grauer Aufkleber
großer,dreieckiger,grauer,GFF,großer grauer dreieckiger Aufkleber
großer,dreieckiger,grauer,FGF,dreieckiger großer grauer Aufkleber
großer,dreieckiger,grauer,FFG,dreieckiger grauer großer Aufkleber
großer,dreieckiger,grauer,FGF,grauer großer dreieckiger Aufkleber
großer,dreieckiger,grauer,FFG,grauer dreieckiger großer Aufkleber
großer,dreieckiger,grüner,G,großer Aufkleber
großer,dreieckiger,grüner,F,dreieckiger Aufkleber
großer,dreieckiger,grüner,F,grüner Aufkleber
großer,dreieckiger,grüner,GF,großer dreieckiger Aufkleber
großer,dreieckiger,grüner,GF,großer grüner Aufkleber
großer,dreieckiger,grüner,FG,dreieckiger großer Aufkleber
großer,dreieckiger,grüner,FF,dreieckiger grüner Aufkleber
großer,dreieckiger,grüner,FG,grüner großer Aufkleber
großer,dreieckiger,grüner,FF,grüner dreieckiger Aufkleber
großer,dreieckiger,grüner,GFF,großer dreieckiger grüner Aufkleber
großer,dreieckiger,grüner,GFF,großer grüner dreieckiger Aufkleber
großer,dreieckiger,grüner,FGF,dreieckiger großer grüner Aufkleber
großer,dreieckiger,grüner,FFG,dreieckiger grüner großer Aufkleber
großer,dreieckiger,grüner,FGF,grüner großer dreieckiger Aufkleber
großer,dreieckiger,grüner,FFG,grüner dreieckiger großer Aufkleber
großer,dreieckiger,blauer,G,großer Aufkleber
großer,dreieckiger,blauer,F,dreieckiger Aufkleber
großer,dreieckiger,blauer,F,blauer Aufkleber
großer,dreieckiger,blauer,GF,großer dreieckiger Aufkleber
großer,dreieckiger,blauer,GF,großer blauer Aufkleber
großer,dreieckiger,blauer,FG,dreieckiger großer Aufkleber
großer,dreieckiger,blauer,FF,dreieckiger blauer Aufkleber
großer,dreieckiger,blauer,FG,blauer großer Aufkleber
großer,dreieckiger,blauer,FF,blauer dreieckiger Aufkleber
großer,dreieckiger,blauer,GFF,großer dreieckiger blauer Aufkleber
großer,dreieckiger,blauer,GFF,großer blauer dreieckiger Aufkleber
großer,dreieckiger,blauer,FGF,dreieckiger großer blauer Aufkleber
großer,dreieckiger,blauer,FFG,dreieckiger blauer großer Aufkleber
großer,dreieckiger,blauer,FGF,blauer großer dreieckiger Aufkleber
großer,dreieckiger,blauer,FFG,blauer dreieckiger großer Aufkleber
großer,dreieckiger,schwarzer,G,großer Aufkleber
großer,dreieckiger,schwarzer,F,dreieckiger Aufkleber
großer,dreieckiger,schwarzer,F,schwarzer Aufkleber
großer,dreieckiger,schwarzer,GF,großer dreieckiger Aufkleber
großer,dreieckiger,schwarzer,GF,großer schwarzer Aufkleber
großer,dreieckiger,schwarzer,FG,dreieckiger großer Aufkleber
großer,dreieckiger,schwarzer,FF,dreieckiger schwarzer Aufkleber
großer,dreieckiger,schwarzer,FG,schwarzer großer Aufkleber
großer,dreieckiger,schwarzer,FF,schwarzer dreieckiger Aufkleber
großer,dreieckiger,schwarzer,GFF,großer dreieckiger schwarzer Aufkleber
großer,dreieckiger,schwarzer,GFF,großer schwarzer dreieckiger Aufkleber
großer,dreieckiger,schwarzer,FGF,dreieckiger großer schwarzer Aufkleber
großer,dreieckiger,schwarzer,FFG,dreieckiger schwarzer großer Aufkleber
großer,dreieckiger,schwarzer,FGF,schwarzer großer dreieckiger Aufkleber
großer,dreieckiger,schwarzer,FFG,schwarzer dreieckiger großer Aufkleber
großer,dreieckiger,orangener,G,großer Aufkleber
großer,dreieckiger,orangener,F,dreieckiger Aufkleber
großer,dreieckiger,orangener,F,orangener Aufkleber
großer,dreieckiger,orangener,GF,großer dreieckiger Aufkleber
großer,dreieckiger,orangener,GF,großer orangener Aufkleber
großer,dreieckiger,orangener,FG,dreieckiger großer Aufkleber
großer,dreieckiger,orangener,FF,dreieckiger orangener Aufkleber
großer,dreieckiger,orangener,FG,orangener großer Aufkleber
großer,dreieckiger,orangener,FF,orangener dreieckiger Aufkleber
großer,dreieckiger,orangener,GFF,großer dreieckiger orangener Aufkleber
großer,dreieckiger,orangener,GFF,großer orangener dreieckiger Aufkleber
großer,dreieckiger,orangener,FGF,dreieckiger großer orangener Aufkleber
großer,dreieckiger,orangener,FFG,dreieckiger orangener großer Aufkleber
großer,dreieckiger,orangener,FGF,orangener großer dreieckiger Aufkleber
großer,dreieckiger,orangener,FFG,orangener dreieckiger großer Aufkleber
großer,dreieckiger,brauner,G,großer Aufkleber
großer,dreieckiger,brauner,F,dreieckiger Aufkleber
großer,dreieckiger,brauner,F,brauner Aufkleber
großer,dreieckiger,brauner,GF,großer dreieckiger Aufkleber
großer,dreieckiger,brauner,GF,großer brauner Aufkleber
großer,dreieckiger,brauner,FG,dreieckiger großer Aufkleber
großer,dreieckiger,brauner,FF,dreieckiger brauner Aufkleber
großer,dreieckiger,brauner,FG,brauner großer Aufkleber
großer,dreieckiger,brauner,FF,brauner dreieckiger Aufkleber
großer,dreieckiger,brauner,GFF,großer dreieckiger brauner Aufkleber
großer,dreieckiger,brauner,GFF,großer brauner dreieckiger Aufkleber
großer,dreieckiger,brauner,FGF,dreieckiger großer brauner Aufkleber
großer,dreieckiger,brauner,FFG,dreieckiger brauner großer Aufkleber
großer,dreieckiger,brauner,FGF,brauner großer dreieckiger Aufkleber
großer,dreieckiger,brauner,FFG,brauner dreieckiger großer Aufkleber
großer,kreisförmiger,grauer,G,großer Aufkleber
großer,kreisförmiger,grauer,F,kreisförmiger Aufkleber
großer,kreisförmiger,grauer,F,grauer Aufkleber
großer,kreisförmiger,grauer,GF,großer kreisförmiger Aufkleber
großer,kreisförmiger,grauer,GF,großer grauer Aufkleber
großer,kreisförmiger,grauer,FG,kreisförmiger großer Aufkleber
großer,kreisförmiger,grauer,FF,kreisförmiger grauer Aufkleber
großer,kreisförmiger,grauer,FG,grauer großer Aufkleber
großer,kreisförmiger,grauer,FF,grauer kreisförmiger Aufkleber
großer,kreisförmiger,grauer,GFF,großer kreisförmiger grauer Aufkleber
großer,kreisförmiger,grauer,GFF,großer grauer kreisförmiger Aufkleber
großer,kreisförmiger,grauer,FGF,kreisförmiger großer grauer Aufkleber
großer,kreisförmiger,grauer,FFG,kreisförmiger grauer großer Aufkleber
großer,kreisförmiger,grauer,FGF,grauer großer kreisförmiger Aufkleber
großer,kreisförmiger,grauer,FFG,grauer kreisförmiger großer Aufkleber
großer,kreisförmiger,grüner,G,großer Aufkleber
großer,kreisförmiger,grüner,F,kreisförmiger Aufkleber
großer,kreisförmiger,grüner,F,grüner Aufkleber
großer,kreisförmiger,grüner,GF,großer kreisförmiger Aufkleber
großer,kreisförmiger,grüner,GF,großer grüner Aufkleber
großer,kreisförmiger,grüner,FG,kreisförmiger großer Aufkleber
großer,kreisförmiger,grüner,FF,kreisförmiger grüner Aufkleber
großer,kreisförmiger,grüner,FG,grüner großer Aufkleber
großer,kreisförmiger,grüner,FF,grüner kreisförmiger Aufkleber
großer,kreisförmiger,grüner,GFF,großer kreisförmiger grüner Aufkleber
großer,kreisförmiger,grüner,GFF,großer grüner kreisförmiger Aufkleber
großer,kreisförmiger,grüner,FGF,kreisförmiger großer grüner Aufkleber
großer,kreisförmiger,grüner,FFG,kreisförmiger grüner großer Aufkleber
großer,kreisförmiger,grüner,FGF,grüner großer kreisförmiger Aufkleber
großer,kreisförmiger,grüner,FFG,grüner kreisförmiger großer Aufkleber
großer,kreisförmiger,blauer,G,großer Aufkleber
großer,kreisförmiger,blauer,F,kreisförmiger Aufkleber
großer,kreisförmiger,blauer,F,blauer Aufkleber
großer,kreisförmiger,blauer,GF,großer kreisförmiger Aufkleber
großer,kreisförmiger,blauer,GF,großer blauer Aufkleber
großer,kreisförmiger,blauer,FG,kreisförmiger großer Aufkleber
großer,kreisförmiger,blauer,FF,kreisförmiger blauer Aufkleber
großer,kreisförmiger,blauer,FG,blauer großer Aufkleber
großer,kreisförmiger,blauer,FF,blauer kreisförmiger Aufkleber
großer,kreisförmiger,blauer,GFF,großer kreisförmiger blauer Aufkleber
großer,kreisförmiger,blauer,GFF,großer blauer kreisförmiger Aufkleber
großer,kreisförmiger,blauer,FGF,kreisförmiger großer blauer Aufkleber
großer,kreisförmiger,blauer,FFG,kreisförmiger blauer großer Aufkleber
großer,kreisförmiger,blauer,FGF,blauer großer kreisförmiger Aufkleber
großer,kreisförmiger,blauer,FFG,blauer kreisförmiger großer Aufkleber
großer,kreisförmiger,schwarzer,G,großer Aufkleber
großer,kreisförmiger,schwarzer,F,kreisförmiger Aufkleber
großer,kreisförmiger,schwarzer,F,schwarzer Aufkleber
großer,kreisförmiger,schwarzer,GF,großer kreisförmiger Aufkleber
großer,kreisförmiger,schwarzer,GF,großer schwarzer Aufkleber
großer,kreisförmiger,schwarzer,FG,kreisförmiger großer Aufkleber
großer,kreisförmiger,schwarzer,FF,kreisförmiger schwarzer Aufkleber
großer,kreisförmiger,schwarzer,FG,schwarzer großer Aufkleber
großer,kreisförmiger,schwarzer,FF,schwarzer kreisförmiger Aufkleber
großer,kreisförmiger,schwarzer,GFF,großer kreisförmiger schwarzer Aufkleber
großer,kreisförmiger,schwarzer,GFF,großer schwarzer kreisförmiger Aufkleber
großer,kreisförmiger,schwarzer,FGF,kreisförmiger großer schwarzer Aufkleber
großer,kreisförmiger,schwarzer,FFG,kreisförmiger schwarzer großer Aufkleber
großer,kreisförmiger,schwarzer,FGF,schwarzer großer kreisförmiger Aufkleber
großer,kreisförmiger,schwarzer,FFG,schwarzer kreisförmiger großer Aufkleber
großer,kreisförmiger,orangener,G,großer Aufkleber
großer,kreisförmiger,orangener,F,kreisförmiger Aufkleber
großer,kreisförmiger,orangener,F,orangener Aufkleber
großer,kreisförmiger,orangener,GF,großer kreisförmiger Aufkleber
großer,kreisförmiger,orangener,GF,großer orangener Aufkleber
großer,kreisförmiger,orangener,FG,kreisförmiger großer Aufkleber
großer,kreisförmiger,orangener,FF,kreisförmiger orangener Aufkleber
großer,kreisförmiger,orangener,FG,orangener großer Aufkleber
großer,kreisförmiger,orangener,FF,orangener kreisförmiger Aufkleber
großer,kreisförmiger,orangener,GFF,großer kreisförmiger orangener Aufkleber
großer,kreisförmiger,orangener,GFF,großer orangener kreisförmiger Aufkleber
großer,kreisförmiger,orangener,FGF,kreisförmiger großer orangener Aufkleber
großer,kreisförmiger,orangener,FFG,kreisförmiger orangener großer Aufkleber
großer,kreisförmiger,orangener,FGF,orangener großer kreisförmiger Aufkleber
großer,kreisförmiger,orangener,FFG,orangener kreisförmiger großer Aufkleber
großer,kreisförmiger,brauner,G,großer Aufkleber
großer,kreisförmiger,brauner,F,kreisförmiger Aufkleber
großer,kreisförmiger,brauner,F,brauner Aufkleber
großer,kreisförmiger,brauner,GF,großer kreisförmiger Aufkleber
großer,kreisförmiger,brauner,GF,großer brauner Aufkleber
großer,kreisförmiger,brauner,FG,kreisförmiger großer Aufkleber
großer,kreisförmiger,brauner,FF,kreisförmiger brauner Aufkleber
großer,kreisförmiger,brauner,FG,brauner großer Aufkleber
großer,kreisförmiger,brauner,FF,brauner kreisförmiger Aufkleber
großer,kreisförmiger,brauner,GFF,großer kreisförmiger brauner Aufkleber
großer,kreisförmiger,brauner,GFF,großer brauner kreisförmiger Aufkleber
großer,kreisförmiger,brauner,FGF,kreisförmiger großer brauner Aufkleber
großer,kreisförmiger,brauner,FFG,kreisförmiger brauner großer Aufkleber
großer,kreisförmiger,brauner,FGF,brauner großer kreisförmiger Aufkleber
großer,kreisförmiger,brauner,FFG,brauner kreisförmiger großer Aufkleber
großer,quadratischer,grauer,G,großer Aufkleber
großer,quadratischer,grauer,F,quadratischer Aufkleber
großer,quadratischer,grauer,F,grauer Aufkleber
großer,quadratischer,grauer,GF,großer quadratischer Aufkleber
großer,quadratischer,grauer,GF,großer grauer Aufkleber
großer,quadratischer,grauer,FG,quadratischer großer Aufkleber
großer,quadratischer,grauer,FF,quadratischer grauer Aufkleber
großer,quadratischer,grauer,FG,grauer großer Aufkleber
großer,quadratischer,grauer,FF,grauer quadratischer Aufkleber
großer,quadratischer,grauer,GFF,großer quadratischer grauer Aufkleber
großer,quadratischer,grauer,GFF,großer grauer quadratischer Aufkleber
großer,quadratischer,grauer,FGF,quadratischer großer grauer Aufkleber
großer,quadratischer,grauer,FFG,quadratischer grauer großer Aufkleber
großer,quadratischer,grauer,FGF,grauer großer quadratischer Aufkleber
großer,quadratischer,grauer,FFG,grauer quadratischer großer Aufkleber
großer,quadratischer,grüner,G,großer Aufkleber
großer,quadratischer,grüner,F,quadratischer Aufkleber
großer,quadratischer,grüner,F,grüner Aufkleber
großer,quadratischer,grüner,GF,großer quadratischer Aufkleber
großer,quadratischer,grüner,GF,großer grüner Aufkleber
großer,quadratischer,grüner,FG,quadratischer großer Aufkleber
großer,quadratischer,grüner,FF,quadratischer grüner Aufkleber
großer,quadratischer,grüner,FG,grüner großer Aufkleber
großer,quadratischer,grüner,FF,grüner quadratischer Aufkleber
großer,quadratischer,grüner,GFF,großer quadratischer grüner Aufkleber
großer,quadratischer,grüner,GFF,großer grüner quadratischer Aufkleber
großer,quadratischer,grüner,FGF,quadratischer großer grüner Aufkleber
großer,quadratischer,grüner,FFG,quadratischer grüner großer Aufkleber
großer,quadratischer,grüner,FGF,grüner großer quadratischer Aufkleber
großer,quadratischer,grüner,FFG,grüner quadratischer großer Aufkleber
großer,quadratischer,blauer,G,großer Aufkleber
großer,quadratischer,blauer,F,quadratischer Aufkleber
großer,quadratischer,blauer,F,blauer Aufkleber
großer,quadratischer,blauer,GF,großer quadratischer Aufkleber
großer,quadratischer,blauer,GF,großer blauer Aufkleber
großer,quadratischer,blauer,FG,quadratischer großer Aufkleber
großer,quadratischer,blauer,FF,quadratischer blauer Aufkleber
großer,quadratischer,blauer,FG,blauer großer Aufkleber
großer,quadratischer,blauer,FF,blauer quadratischer Aufkleber
großer,quadratischer,blauer,GFF,großer quadratischer blauer Aufkleber
großer,quadratischer,blauer,GFF,großer blauer quadratischer Aufkleber
großer,quadratischer,blauer,FGF,quadratischer großer blauer Aufkleber
großer,quadratischer,blauer,FFG,quadratischer blauer großer Aufkleber
großer,quadratischer,blauer,FGF,blauer großer quadratischer Aufkleber
großer,quadratischer,blauer,FFG,blauer quadratischer großer Aufkleber
großer,quadratischer,schwarzer,G,großer Aufkleber
großer,quadratischer,schwarzer,F,quadratischer Aufkleber
großer,quadratischer,schwarzer,F,schwarzer Aufkleber
großer,quadratischer,schwarzer,GF,großer quadratischer Aufkleber
großer,quadratischer,schwarzer,GF,großer schwarzer Aufkleber
großer,quadratischer,schwarzer,FG,quadratischer großer Aufkleber
großer,quadratischer,schwarzer,FF,quadratischer schwarzer Aufkleber
großer,quadratischer,schwarzer,FG,schwarzer großer Aufkleber
großer,quadratischer,schwarzer,FF,schwarzer quadratischer Aufkleber
großer,quadratischer,schwarzer,GFF,großer quadratischer schwarzer Aufkleber
großer,quadratischer,schwarzer,GFF,großer schwarzer quadratischer Aufkleber
großer,quadratischer,schwarzer,FGF,quadratischer großer schwarzer Aufkleber
großer,quadratischer,schwarzer,FFG,quadratischer schwarzer großer Aufkleber
großer,quadratischer,schwarzer,FGF,schwarzer großer quadratischer Aufkleber
großer,quadratischer,schwarzer,FFG,schwarzer quadratischer großer Aufkleber
großer,quadratischer,orangener,G,großer Aufkleber
großer,quadratischer,orangener,F,quadratischer Aufkleber
großer,quadratischer,orangener,F,orangener Aufkleber
großer,quadratischer,orangener,GF,großer quadratischer Aufkleber
großer,quadratischer,orangener,GF,großer orangener Aufkleber
großer,quadratischer,orangener,FG,quadratischer großer Aufkleber
großer,quadratischer,orangener,FF,quadratischer orangener Aufkleber
großer,quadratischer,orangener,FG,orangener großer Aufkleber
großer,quadratischer,orangener,FF,orangener quadratischer Aufkleber
großer,quadratischer,orangener,GFF,großer quadratischer orangener Aufkleber
großer,quadratischer,orangener,GFF,großer orangener quadratischer Aufkleber
großer,quadratischer,orangener,FGF,quadratischer großer orangener Aufkleber
großer,quadratischer,orangener,FFG,quadratischer orangener großer Aufkleber
großer,quadratischer,orangener,FGF,orangener großer quadratischer Aufkleber
großer,quadratischer,orangener,FFG,orangener quadratischer großer Aufkleber
großer,quadratischer,brauner,G,großer Aufkleber
großer,quadratischer,brauner,F,quadratischer Aufkleber
großer,quadratischer,brauner,F,brauner Aufkleber
großer,quadratischer,brauner,GF,großer quadratischer Aufkleber
großer,quadratischer,brauner,GF,großer brauner Aufkleber
großer,quadratischer,brauner,FG,quadratischer großer Aufkleber
großer,quadratischer,brauner,FF,quadratischer brauner Aufkleber
großer,quadratischer,brauner,FG,brauner großer Aufkleber
großer,quadratischer,brauner,FF,brauner quadratischer Aufkleber
großer,quadratischer,brauner,GFF,großer quadratischer brauner Aufkleber
großer,quadratischer,brauner,GFF,großer brauner quadratischer Aufkleber
großer,quadratischer,brauner,FGF,quadratischer großer brauner Aufkleber
großer,quadratischer,brauner,FFG,quadratischer brauner großer Aufkleber
großer,quadratischer,brauner,FGF,brauner großer quadratischer Aufkleber
großer,quadratischer,brauner,FFG,brauner quadratischer großer Aufkleber
