model,architecture,architecture_short,semantics,semantics_short,summary_type,relevant_property,sharpness,category,empirical_proportion,model_proportion,signed_residual,abs_residual,n
principled_salience_stop_regularized_2x2_glob_rec,global,glob,context_updating,rec,length,both,blurred,one_adjective,0.12544169611307426,0.18803434225498142,0.06259264614190715,0.06259264614190715,566
principled_salience_stop_regularized_2x2_glob_rec,global,glob,context_updating,rec,length,both,blurred,three_adjectives,0.3992932862190811,0.36867758746608625,-0.030615698752994858,0.030615698752994858,566
principled_salience_stop_regularized_2x2_glob_rec,global,glob,context_updating,rec,length,both,blurred,two_adjectives,0.47526501766784446,0.4432880702789323,-0.03197694738891216,0.03197694738891216,566
principled_salience_stop_regularized_2x2_glob_rec,global,glob,context_updating,rec,length,both,sharp,one_adjective,0.08349900596421474,0.17516232474913387,0.09166331878491914,0.09166331878491914,503
principled_salience_stop_regularized_2x2_glob_rec,global,glob,context_updating,rec,length,both,sharp,three_adjectives,0.3757455268389661,0.38031374591961,0.004568219080643865,0.004568219080643865,503
principled_salience_stop_regularized_2x2_glob_rec,global,glob,context_updating,rec,length,both,sharp,two_adjectives,0.5407554671968191,0.44452392933125623,-0.09623153786556288,0.09623153786556288,503
principled_salience_stop_regularized_2x2_glob_rec,global,glob,context_updating,rec,length,first,blurred,one_adjective,0.09927797833935018,0.1573170170185823,0.05803903867923213,0.05803903867923213,554
principled_salience_stop_regularized_2x2_glob_rec,global,glob,context_updating,rec,length,first,blurred,three_adjectives,0.3790613718411551,0.39247810186210474,0.013416730020949619,0.013416730020949619,554
principled_salience_stop_regularized_2x2_glob_rec,global,glob,context_updating,rec,length,first,blurred,two_adjectives,0.5216606498194947,0.450204881119313,-0.07145576870018167,0.07145576870018167,554
principled_salience_stop_regularized_2x2_glob_rec,global,glob,context_updating,rec,length,first,sharp,one_adjective,0.37051792828685265,0.14073761332777238,-0.22978031495908027,0.22978031495908027,502
principled_salience_stop_regularized_2x2_glob_rec,global,glob,context_updating,rec,length,first,sharp,three_adjectives,0.247011952191235,0.38396091018755263,0.13694895799631762,0.13694895799631762,502
principled_salience_stop_regularized_2x2_glob_rec,global,glob,context_updating,rec,length,first,sharp,two_adjectives,0.3824701195219123,0.4753014764846749,0.09283135696276262,0.09283135696276262,502
principled_salience_stop_regularized_2x2_glob_rec,global,glob,context_updating,rec,length,second,blurred,one_adjective,0.6719576719576723,0.22938155940844163,-0.4425761125492307,0.4425761125492307,567
principled_salience_stop_regularized_2x2_glob_rec,global,glob,context_updating,rec,length,second,blurred,three_adjectives,0.045855379188712325,0.3174867968473497,0.2716314176586374,0.2716314176586374,567
principled_salience_stop_regularized_2x2_glob_rec,global,glob,context_updating,rec,length,second,blurred,two_adjectives,0.2821869488536155,0.45313164374420867,0.17094469489059316,0.17094469489059316,567
principled_salience_stop_regularized_2x2_glob_rec,global,glob,context_updating,rec,length,second,sharp,one_adjective,0.7361111111111114,0.21501194322774536,-0.5210991678833661,0.5210991678833661,504
principled_salience_stop_regularized_2x2_glob_rec,global,glob,context_updating,rec,length,second,sharp,three_adjectives,0.011904761904761706,0.33040120027405084,0.31849643836928915,0.31849643836928915,504
principled_salience_stop_regularized_2x2_glob_rec,global,glob,context_updating,rec,length,second,sharp,two_adjectives,0.2519841269841269,0.4545868564982037,0.20260272951407676,0.20260272951407676,504
principled_salience_stop_regularized_2x2_glob_static,global,glob,context_fixed,static,length,both,blurred,one_adjective,0.12544169611307426,0.18827197184110034,0.06283027572802607,0.06283027572802607,566
principled_salience_stop_regularized_2x2_glob_static,global,glob,context_fixed,static,length,both,blurred,three_adjectives,0.3992932862190811,0.3683240534320234,-0.03096923278705771,0.03096923278705771,566
principled_salience_stop_regularized_2x2_glob_static,global,glob,context_fixed,static,length,both,blurred,two_adjectives,0.47526501766784446,0.4434039747268763,-0.03186104294096814,0.03186104294096814,566
principled_salience_stop_regularized_2x2_glob_static,global,glob,context_fixed,static,length,both,sharp,one_adjective,0.08349900596421474,0.1754603349021655,0.09196132893795077,0.09196132893795077,503
principled_salience_stop_regularized_2x2_glob_static,global,glob,context_fixed,static,length,both,sharp,three_adjectives,0.3757455268389661,0.3801231535732437,0.0043776267342776065,0.0043776267342776065,503
principled_salience_stop_regularized_2x2_glob_static,global,glob,context_fixed,static,length,both,sharp,two_adjectives,0.5407554671968191,0.4444165115245908,-0.09633895567222833,0.09633895567222833,503
principled_salience_stop_regularized_2x2_glob_static,global,glob,context_fixed,static,length,first,blurred,one_adjective,0.09927797833935018,0.1576070969938704,0.05832911865452023,0.05832911865452023,554
principled_salience_stop_regularized_2x2_glob_static,global,glob,context_fixed,static,length,first,blurred,three_adjectives,0.3790613718411551,0.3922872979348142,0.01322592609365908,0.01322592609365908,554
principled_salience_stop_regularized_2x2_glob_static,global,glob,context_fixed,static,length,first,blurred,two_adjectives,0.5216606498194947,0.4501056050713155,-0.0715550447481792,0.0715550447481792,554
principled_salience_stop_regularized_2x2_glob_static,global,glob,context_fixed,static,length,first,sharp,one_adjective,0.37051792828685265,0.14086660220051472,-0.22965132608633793,0.22965132608633793,502
principled_salience_stop_regularized_2x2_glob_static,global,glob,context_fixed,static,length,first,sharp,three_adjectives,0.247011952191235,0.383527093790761,0.136515141599526,0.136515141599526,502
principled_salience_stop_regularized_2x2_glob_static,global,glob,context_fixed,static,length,first,sharp,two_adjectives,0.3824701195219123,0.47560630400872417,0.09313618448681188,0.09313618448681188,502
principled_salience_stop_regularized_2x2_glob_static,global,glob,context_fixed,static,length,second,blurred,one_adjective,0.6719576719576723,0.2296009626736471,-0.4423567092840252,0.4423567092840252,567
principled_salience_stop_regularized_2x2_glob_static,global,glob,context_fixed,static,length,second,blurred,three_adjectives,0.045855379188712325,0.3168303677202575,0.2709749885315452,0.2709749885315452,567
principled_salience_stop_regularized_2x2_glob_static,global,glob,context_fixed,static,length,second,blurred,two_adjectives,0.2821869488536155,0.45356866960609554,0.17138172075248004,0.17138172075248004,567
principled_salience_stop_regularized_2x2_glob_static,global,glob,context_fixed,static,length,second,sharp,one_adjective,0.7361111111111114,0.21506751347727265,-0.5210435976338388,0.5210435976338388,504
principled_salience_stop_regularized_2x2_glob_static,global,glob,context_fixed,static,length,second,sharp,three_adjectives,0.011904761904761706,0.33029905548256694,0.31839429357780524,0.31839429357780524,504
principled_salience_stop_regularized_2x2_glob_static,global,glob,context_fixed,static,length,second,sharp,two_adjectives,0.2519841269841269,0.4546334310401604,0.20264930405603349,0.20264930405603349,504
principled_salience_stop_regularized_2x2_inc_rec,incremental,inc,context_updating,rec,length,both,blurred,one_adjective,0.12544169611307426,0.3217710333023249,0.19632933718925066,0.19632933718925066,566
principled_salience_stop_regularized_2x2_inc_rec,incremental,inc,context_updating,rec,length,both,blurred,three_adjectives,0.3992932862190811,0.29395795570175803,-0.10533533051732308,0.10533533051732308,566
principled_salience_stop_regularized_2x2_inc_rec,incremental,inc,context_updating,rec,length,both,blurred,two_adjectives,0.47526501766784446,0.38427101099591704,-0.09099400667192742,0.09099400667192742,566
principled_salience_stop_regularized_2x2_inc_rec,incremental,inc,context_updating,rec,length,both,sharp,one_adjective,0.08349900596421474,0.27060844052217026,0.18710943455795553,0.18710943455795553,503
principled_salience_stop_regularized_2x2_inc_rec,incremental,inc,context_updating,rec,length,both,sharp,three_adjectives,0.3757455268389661,0.3356404150960697,-0.04010511174289644,0.04010511174289644,503
principled_salience_stop_regularized_2x2_inc_rec,incremental,inc,context_updating,rec,length,both,sharp,two_adjectives,0.5407554671968191,0.39375114438176007,-0.14700432281505904,0.14700432281505904,503
principled_salience_stop_regularized_2x2_inc_rec,incremental,inc,context_updating,rec,length,first,blurred,one_adjective,0.09927797833935018,0.19262023925247115,0.09334226091312098,0.09334226091312098,554
principled_salience_stop_regularized_2x2_inc_rec,incremental,inc,context_updating,rec,length,first,blurred,three_adjectives,0.3790613718411551,0.37188899429182937,-0.007172377549325759,0.007172377549325759,554
principled_salience_stop_regularized_2x2_inc_rec,incremental,inc,context_updating,rec,length,first,blurred,two_adjectives,0.5216606498194947,0.43549076645569956,-0.08616988336379511,0.08616988336379511,554
principled_salience_stop_regularized_2x2_inc_rec,incremental,inc,context_updating,rec,length,first,sharp,one_adjective,0.37051792828685265,0.14241708952492668,-0.22810083876192597,0.22810083876192597,502
principled_salience_stop_regularized_2x2_inc_rec,incremental,inc,context_updating,rec,length,first,sharp,three_adjectives,0.247011952191235,0.4153745776219074,0.16836262543067237,0.16836262543067237,502
principled_salience_stop_regularized_2x2_inc_rec,incremental,inc,context_updating,rec,length,first,sharp,two_adjectives,0.3824701195219123,0.4422083328531659,0.05973821333125362,0.05973821333125362,502
principled_salience_stop_regularized_2x2_inc_rec,incremental,inc,context_updating,rec,length,second,blurred,one_adjective,0.6719576719576723,0.43551867361416263,-0.23643899834350968,0.23643899834350968,567
principled_salience_stop_regularized_2x2_inc_rec,incremental,inc,context_updating,rec,length,second,blurred,three_adjectives,0.045855379188712325,0.21900388919616873,0.1731485100074564,0.1731485100074564,567
principled_salience_stop_regularized_2x2_inc_rec,incremental,inc,context_updating,rec,length,second,blurred,two_adjectives,0.2821869488536155,0.3454774371896686,0.06329048833605311,0.06329048833605311,567
principled_salience_stop_regularized_2x2_inc_rec,incremental,inc,context_updating,rec,length,second,sharp,one_adjective,0.7361111111111114,0.407055214552981,-0.3290558965581304,0.3290558965581304,504
principled_salience_stop_regularized_2x2_inc_rec,incremental,inc,context_updating,rec,length,second,sharp,three_adjectives,0.011904761904761706,0.2520288350418774,0.2401240731371157,0.2401240731371157,504
principled_salience_stop_regularized_2x2_inc_rec,incremental,inc,context_updating,rec,length,second,sharp,two_adjectives,0.2519841269841269,0.34091595040514167,0.08893182342101474,0.08893182342101474,504
principled_salience_stop_regularized_2x2_inc_static,incremental,inc,context_fixed,static,length,both,blurred,one_adjective,0.12544169611307426,0.32206697482977903,0.19662527871670477,0.19662527871670477,566
principled_salience_stop_regularized_2x2_inc_static,incremental,inc,context_fixed,static,length,both,blurred,three_adjectives,0.3992932862190811,0.29307869012671306,-0.10621459609236805,0.10621459609236805,566
principled_salience_stop_regularized_2x2_inc_static,incremental,inc,context_fixed,static,length,both,blurred,two_adjectives,0.47526501766784446,0.3848543350435081,-0.09041068262433638,0.09041068262433638,566
principled_salience_stop_regularized_2x2_inc_static,incremental,inc,context_fixed,static,length,both,sharp,one_adjective,0.08349900596421474,0.2700039702797266,0.1865049643155119,0.1865049643155119,503
principled_salience_stop_regularized_2x2_inc_static,incremental,inc,context_fixed,static,length,both,sharp,three_adjectives,0.3757455268389661,0.3361335232321815,-0.03961200360678463,0.03961200360678463,503
principled_salience_stop_regularized_2x2_inc_static,incremental,inc,context_fixed,static,length,both,sharp,two_adjectives,0.5407554671968191,0.3938625064880918,-0.14689296070872732,0.14689296070872732,503
principled_salience_stop_regularized_2x2_inc_static,incremental,inc,context_fixed,static,length,first,blurred,one_adjective,0.09927797833935018,0.19192457228971666,0.09264659395036648,0.09264659395036648,554
principled_salience_stop_regularized_2x2_inc_static,incremental,inc,context_fixed,static,length,first,blurred,three_adjectives,0.3790613718411551,0.37235998878125615,-0.00670138305989898,0.00670138305989898,554
principled_salience_stop_regularized_2x2_inc_static,incremental,inc,context_fixed,static,length,first,blurred,two_adjectives,0.5216606498194947,0.43571543892902725,-0.08594521089046742,0.08594521089046742,554
principled_salience_stop_regularized_2x2_inc_static,incremental,inc,context_fixed,static,length,first,sharp,one_adjective,0.37051792828685265,0.14197076879759057,-0.22854715948926208,0.22854715948926208,502
principled_salience_stop_regularized_2x2_inc_static,incremental,inc,context_fixed,static,length,first,sharp,three_adjectives,0.247011952191235,0.415543586030014,0.168531633838779,0.168531633838779,502
principled_salience_stop_regularized_2x2_inc_static,incremental,inc,context_fixed,static,length,first,sharp,two_adjectives,0.3824701195219123,0.4424856451723954,0.060015525650483126,0.060015525650483126,502
principled_salience_stop_regularized_2x2_inc_static,incremental,inc,context_fixed,static,length,second,blurred,one_adjective,0.6719576719576723,0.4365021277539413,-0.235455544203731,0.235455544203731,567
principled_salience_stop_regularized_2x2_inc_static,incremental,inc,context_fixed,static,length,second,blurred,three_adjectives,0.045855379188712325,0.21803016558010221,0.1721747863913899,0.1721747863913899,567
principled_salience_stop_regularized_2x2_inc_static,incremental,inc,context_fixed,static,length,second,blurred,two_adjectives,0.2821869488536155,0.34546770666595644,0.06328075781234094,0.06328075781234094,567
principled_salience_stop_regularized_2x2_inc_static,incremental,inc,context_fixed,static,length,second,sharp,one_adjective,0.7361111111111114,0.40778437069405604,-0.32832674041705534,0.32832674041705534,504
principled_salience_stop_regularized_2x2_inc_static,incremental,inc,context_fixed,static,length,second,sharp,three_adjectives,0.011904761904761706,0.2513551816371534,0.23945041973239173,0.23945041973239173,504
principled_salience_stop_regularized_2x2_inc_static,incremental,inc,context_fixed,static,length,second,sharp,two_adjectives,0.2519841269841269,0.34086044766879053,0.08887632068466361,0.08887632068466361,504
principled_salience_stop_regularized_2x2_glob_rec,global,glob,context_updating,rec,selection,both,blurred,colour_only,0.008833922261484103,0.13742909504166687,0.12859517278018276,0.12859517278018276,566
principled_salience_stop_regularized_2x2_glob_rec,global,glob,context_updating,rec,selection,both,blurred,redundant_form,0.9134275618374558,0.6454661735287033,-0.2679613883087525,0.2679613883087525,566
principled_salience_stop_regularized_2x2_glob_rec,global,glob,context_updating,rec,selection,both,blurred,size_colour,0.07773851590106004,0.1958337338760295,0.11809521797496947,0.11809521797496947,566
principled_salience_stop_regularized_2x2_glob_rec,global,glob,context_updating,rec,selection,both,blurred,size_only,0.0,0.021270997553600353,0.021270997553600353,0.021270997553600353,566
principled_salience_stop_regularized_2x2_glob_rec,global,glob,context_updating,rec,selection,both,sharp,colour_only,0.0,0.12332946539123155,0.12332946539123155,0.12332946539123155,503
principled_salience_stop_regularized_2x2_glob_rec,global,glob,context_updating,rec,selection,both,sharp,redundant_form,0.7912524850894632,0.6208951721888369,-0.17035731290062628,0.17035731290062628,503
principled_salience_stop_regularized_2x2_glob_rec,global,glob,context_updating,rec,selection,both,sharp,size_colour,0.20874751491053678,0.23073292107839855,0.021985406167861765,0.021985406167861765,503
principled_salience_stop_regularized_2x2_glob_rec,global,glob,context_updating,rec,selection,both,sharp,size_only,0.0,0.02504244134153299,0.02504244134153299,0.02504244134153299,503
principled_salience_stop_regularized_2x2_glob_rec,global,glob,context_updating,rec,selection,first,blurred,colour_only,0.005415162454873604,0.09105036214758758,0.08563519969271398,0.08563519969271398,554
principled_salience_stop_regularized_2x2_glob_rec,global,glob,context_updating,rec,selection,first,blurred,redundant_form,0.8935018050541518,0.6844604768032394,-0.20904132825091237,0.20904132825091237,554
principled_salience_stop_regularized_2x2_glob_rec,global,glob,context_updating,rec,selection,first,blurred,size_colour,0.04512635379061363,0.19368449199024648,0.14855813819963284,0.14855813819963284,554
principled_salience_stop_regularized_2x2_glob_rec,global,glob,context_updating,rec,selection,first,blurred,size_only,0.05595667870036104,0.030804669058926655,-0.025152009641434388,0.025152009641434388,554
principled_salience_stop_regularized_2x2_glob_rec,global,glob,context_updating,rec,selection,first,sharp,colour_only,0.0,0.06696919355697,0.06696919355697,0.06696919355697,502
principled_salience_stop_regularized_2x2_glob_rec,global,glob,context_updating,rec,selection,first,sharp,redundant_form,0.6852589641434262,0.6338210641067917,-0.05143790003663451,0.05143790003663451,502
principled_salience_stop_regularized_2x2_glob_rec,global,glob,context_updating,rec,selection,first,sharp,size_colour,0.04581673306772902,0.2540713195969835,0.20825458652925447,0.20825458652925447,502
principled_salience_stop_regularized_2x2_glob_rec,global,glob,context_updating,rec,selection,first,sharp,size_only,0.2689243027888447,0.04513842273925468,-0.22378588004959005,0.22378588004959005,502
principled_salience_stop_regularized_2x2_glob_rec,global,glob,context_updating,rec,selection,second,blurred,colour_only,0.6278659611992948,0.18893165969881626,-0.4389343015004786,0.4389343015004786,567
principled_salience_stop_regularized_2x2_glob_rec,global,glob,context_updating,rec,selection,second,blurred,redundant_form,0.3721340388007052,0.5911602612962327,0.21902622249552745,0.21902622249552745,567
principled_salience_stop_regularized_2x2_glob_rec,global,glob,context_updating,rec,selection,second,blurred,size_colour,0.0,0.20219523089795097,0.20219523089795097,0.20219523089795097,567
principled_salience_stop_regularized_2x2_glob_rec,global,glob,context_updating,rec,selection,second,blurred,size_only,0.0,0.01771284810700011,0.01771284810700011,0.01771284810700011,567
principled_salience_stop_regularized_2x2_glob_rec,global,glob,context_updating,rec,selection,second,sharp,colour_only,0.7162698412698416,0.17407233287197277,-0.5421975083978688,0.5421975083978688,504
principled_salience_stop_regularized_2x2_glob_rec,global,glob,context_updating,rec,selection,second,sharp,redundant_form,0.2817460317460315,0.5630011102196328,0.2812550784736013,0.2812550784736013,504
principled_salience_stop_regularized_2x2_glob_rec,global,glob,context_updating,rec,selection,second,sharp,size_colour,0.0019841269841269008,0.24342605284626065,0.24144192586213375,0.24144192586213375,504
principled_salience_stop_regularized_2x2_glob_rec,global,glob,context_updating,rec,selection,second,sharp,size_only,0.0,0.01950050406213365,0.01950050406213365,0.01950050406213365,504
principled_salience_stop_regularized_2x2_glob_static,global,glob,context_fixed,static,selection,both,blurred,colour_only,0.008833922261484103,0.1378176131857243,0.1289836909242402,0.1289836909242402,566
principled_salience_stop_regularized_2x2_glob_static,global,glob,context_fixed,static,selection,both,blurred,redundant_form,0.9134275618374558,0.6452208451965074,-0.2682067166409484,0.2682067166409484,566
principled_salience_stop_regularized_2x2_glob_static,global,glob,context_fixed,static,selection,both,blurred,size_colour,0.07773851590106004,0.19564365269755893,0.11790513679649889,0.11790513679649889,566
principled_salience_stop_regularized_2x2_glob_static,global,glob,context_fixed,static,selection,both,blurred,size_only,0.0,0.02131788892020955,0.02131788892020955,0.02131788892020955,566
principled_salience_stop_regularized_2x2_glob_static,global,glob,context_fixed,static,selection,both,sharp,colour_only,0.0,0.1235711987705532,0.1235711987705532,0.1235711987705532,503
principled_salience_stop_regularized_2x2_glob_static,global,glob,context_fixed,static,selection,both,sharp,redundant_form,0.7912524850894632,0.6216146653740997,-0.1696378197153635,0.1696378197153635,503
principled_salience_stop_regularized_2x2_glob_static,global,glob,context_fixed,static,selection,both,sharp,size_colour,0.20874751491053678,0.2297919181647824,0.021044403254245614,0.021044403254245614,503
principled_salience_stop_regularized_2x2_glob_static,global,glob,context_fixed,static,selection,both,sharp,size_only,0.0,0.025022217690564664,0.025022217690564664,0.025022217690564664,503
principled_salience_stop_regularized_2x2_glob_static,global,glob,context_fixed,static,selection,first,blurred,colour_only,0.005415162454873604,0.09148901536180713,0.08607385290693353,0.08607385290693353,554
principled_salience_stop_regularized_2x2_glob_static,global,glob,context_fixed,static,selection,first,blurred,redundant_form,0.8935018050541518,0.6842195227316833,-0.20928228232246848,0.20928228232246848,554
principled_salience_stop_regularized_2x2_glob_static,global,glob,context_fixed,static,selection,first,blurred,size_colour,0.04512635379061363,0.1936111715588837,0.14848481776827005,0.14848481776827005,554
principled_salience_stop_regularized_2x2_glob_static,global,glob,context_fixed,static,selection,first,blurred,size_only,0.05595667870036104,0.030680290347625917,-0.025276388352735126,0.025276388352735126,554
principled_salience_stop_regularized_2x2_glob_static,global,glob,context_fixed,static,selection,first,sharp,colour_only,0.0,0.06716997444291967,0.06716997444291967,0.06716997444291967,502
principled_salience_stop_regularized_2x2_glob_static,global,glob,context_fixed,static,selection,first,sharp,redundant_form,0.6852589641434262,0.6338065657000892,-0.051452398443337044,0.051452398443337044,502
principled_salience_stop_regularized_2x2_glob_static,global,glob,context_fixed,static,selection,first,sharp,size_colour,0.04581673306772902,0.25392225458425516,0.20810552151652614,0.20810552151652614,502
principled_salience_stop_regularized_2x2_glob_static,global,glob,context_fixed,static,selection,first,sharp,size_only,0.2689243027888447,0.04510120527273584,-0.22382309751610888,0.22382309751610888,502
principled_salience_stop_regularized_2x2_glob_static,global,glob,context_fixed,static,selection,second,blurred,colour_only,0.6278659611992948,0.1890277719266085,-0.43883818927268636,0.43883818927268636,567
principled_salience_stop_regularized_2x2_glob_static,global,glob,context_fixed,static,selection,second,blurred,redundant_form,0.3721340388007052,0.5914860318436196,0.21935199304291436,0.21935199304291436,567
principled_salience_stop_regularized_2x2_glob_static,global,glob,context_fixed,static,selection,second,blurred,size_colour,0.0,0.2017890668359499,0.2017890668359499,0.2017890668359499,567
principled_salience_stop_regularized_2x2_glob_static,global,glob,context_fixed,static,selection,second,blurred,size_only,0.0,0.017697129393822175,0.017697129393822175,0.017697129393822175,567
principled_salience_stop_regularized_2x2_glob_static,global,glob,context_fixed,static,selection,second,sharp,colour_only,0.7162698412698416,0.17405863072755648,-0.5422112105422852,0.5422112105422852,504
principled_salience_stop_regularized_2x2_glob_static,global,glob,context_fixed,static,selection,second,sharp,redundant_form,0.2817460317460315,0.563415111134663,0.2816690793886315,0.2816690793886315,504
principled_salience_stop_regularized_2x2_glob_static,global,glob,context_fixed,static,selection,second,sharp,size_colour,0.0019841269841269008,0.24296912100769577,0.24098499402356888,0.24098499402356888,504
principled_salience_stop_regularized_2x2_glob_static,global,glob,context_fixed,static,selection,second,sharp,size_only,0.0,0.019557137130084657,0.019557137130084657,0.019557137130084657,504
principled_salience_stop_regularized_2x2_inc_rec,incremental,inc,context_updating,rec,selection,both,blurred,colour_only,0.008833922261484103,0.24356404450021524,0.23473012223873113,0.23473012223873113,566
principled_salience_stop_regularized_2x2_inc_rec,incremental,inc,context_updating,rec,selection,both,blurred,redundant_form,0.9134275618374558,0.5120611471203446,-0.4013664147171112,0.4013664147171112,566
principled_salience_stop_regularized_2x2_inc_rec,incremental,inc,context_updating,rec,selection,both,blurred,size_colour,0.07773851590106004,0.2052184380732185,0.12747992217215845,0.12747992217215845,566
principled_salience_stop_regularized_2x2_inc_rec,incremental,inc,context_updating,rec,selection,both,blurred,size_only,0.0,0.03915637030622169,0.03915637030622169,0.03915637030622169,566
principled_salience_stop_regularized_2x2_inc_rec,incremental,inc,context_updating,rec,selection,both,sharp,colour_only,0.0,0.18973868404132016,0.18973868404132016,0.18973868404132016,503
principled_salience_stop_regularized_2x2_inc_rec,incremental,inc,context_updating,rec,selection,both,sharp,redundant_form,0.7912524850894632,0.5066033087805858,-0.2846491763088774,0.2846491763088774,503
principled_salience_stop_regularized_2x2_inc_rec,incremental,inc,context_updating,rec,selection,both,sharp,size_colour,0.20874751491053678,0.25470801928468545,0.04596050437414867,0.04596050437414867,503
principled_salience_stop_regularized_2x2_inc_rec,incremental,inc,context_updating,rec,selection,both,sharp,size_only,0.0,0.04894998789340868,0.04894998789340868,0.04894998789340868,503
principled_salience_stop_regularized_2x2_inc_rec,incremental,inc,context_updating,rec,selection,first,blurred,colour_only,0.005415162454873604,0.09372087635851563,0.08830571390364203,0.08830571390364203,554
principled_salience_stop_regularized_2x2_inc_rec,incremental,inc,context_updating,rec,selection,first,blurred,redundant_form,0.8935018050541518,0.596497053133809,-0.2970047519203428,0.2970047519203428,554
principled_salience_stop_regularized_2x2_inc_rec,incremental,inc,context_updating,rec,selection,first,blurred,size_colour,0.04512635379061363,0.24944927887487406,0.20432292508426042,0.20432292508426042,554
principled_salience_stop_regularized_2x2_inc_rec,incremental,inc,context_updating,rec,selection,first,blurred,size_only,0.05595667870036104,0.06033279163280146,0.004376112932440418,0.004376112932440418,554
principled_salience_stop_regularized_2x2_inc_rec,incremental,inc,context_updating,rec,selection,first,sharp,colour_only,0.0,0.05180752127725634,0.05180752127725634,0.05180752127725634,502
principled_salience_stop_regularized_2x2_inc_rec,incremental,inc,context_updating,rec,selection,first,sharp,redundant_form,0.6852589641434262,0.6010521771538814,-0.08420678698954487,0.08420678698954487,502
principled_salience_stop_regularized_2x2_inc_rec,incremental,inc,context_updating,rec,selection,first,sharp,size_colour,0.04581673306772902,0.27834944113267085,0.23253270806494183,0.23253270806494183,502
principled_salience_stop_regularized_2x2_inc_rec,incremental,inc,context_updating,rec,selection,first,sharp,size_only,0.2689243027888447,0.06879086043619141,-0.2001334423526533,0.2001334423526533,502
principled_salience_stop_regularized_2x2_inc_rec,incremental,inc,context_updating,rec,selection,second,blurred,colour_only,0.6278659611992948,0.38975613894102423,-0.2381098222582706,0.2381098222582706,567
principled_salience_stop_regularized_2x2_inc_rec,incremental,inc,context_updating,rec,selection,second,blurred,redundant_form,0.3721340388007052,0.478808746696845,0.10667470789613975,0.10667470789613975,567
principled_salience_stop_regularized_2x2_inc_rec,incremental,inc,context_updating,rec,selection,second,blurred,size_colour,0.0,0.11286593049153819,0.11286593049153819,0.11286593049153819,567
principled_salience_stop_regularized_2x2_inc_rec,incremental,inc,context_updating,rec,selection,second,blurred,size_only,0.0,0.018569183870592604,0.018569183870592604,0.018569183870592604,567
principled_salience_stop_regularized_2x2_inc_rec,incremental,inc,context_updating,rec,selection,second,sharp,colour_only,0.7162698412698416,0.3570963370716657,-0.3591735041981759,0.3591735041981759,504
principled_salience_stop_regularized_2x2_inc_rec,incremental,inc,context_updating,rec,selection,second,sharp,redundant_form,0.2817460317460315,0.46623216238804344,0.18448613064201191,0.18448613064201191,504
principled_salience_stop_regularized_2x2_inc_rec,incremental,inc,context_updating,rec,selection,second,sharp,size_colour,0.0019841269841269008,0.15150044412008848,0.14951631713596159,0.14951631713596159,504
principled_salience_stop_regularized_2x2_inc_rec,incremental,inc,context_updating,rec,selection,second,sharp,size_only,0.0,0.02517105642020246,0.02517105642020246,0.02517105642020246,504
principled_salience_stop_regularized_2x2_inc_static,incremental,inc,context_fixed,static,selection,both,blurred,colour_only,0.008833922261484103,0.24380599701152905,0.23497207475004495,0.23497207475004495,566
principled_salience_stop_regularized_2x2_inc_static,incremental,inc,context_fixed,static,selection,both,blurred,redundant_form,0.9134275618374558,0.5110274971750216,-0.40240006466243416,0.40240006466243416,566
principled_salience_stop_regularized_2x2_inc_static,incremental,inc,context_fixed,static,selection,both,blurred,size_colour,0.07773851590106004,0.2059760981228928,0.12823758222183276,0.12823758222183276,566
principled_salience_stop_regularized_2x2_inc_static,incremental,inc,context_fixed,static,selection,both,blurred,size_only,0.0,0.03919040769055668,0.03919040769055668,0.03919040769055668,566
principled_salience_stop_regularized_2x2_inc_static,incremental,inc,context_fixed,static,selection,both,sharp,colour_only,0.0,0.1887553819424908,0.1887553819424908,0.1887553819424908,503
principled_salience_stop_regularized_2x2_inc_static,incremental,inc,context_fixed,static,selection,both,sharp,redundant_form,0.7912524850894632,0.5072948900388757,-0.2839575950505875,0.2839575950505875,503
principled_salience_stop_regularized_2x2_inc_static,incremental,inc,context_fixed,static,selection,both,sharp,size_colour,0.20874751491053678,0.2547676298229855,0.04602011491244873,0.04602011491244873,503
principled_salience_stop_regularized_2x2_inc_static,incremental,inc,context_fixed,static,selection,both,sharp,size_only,0.0,0.04918209819564779,0.04918209819564779,0.04918209819564779,503
principled_salience_stop_regularized_2x2_inc_static,incremental,inc,context_fixed,static,selection,first,blurred,colour_only,0.005415162454873604,0.09295473623075456,0.08753957377588097,0.08753957377588097,554
principled_salience_stop_regularized_2x2_inc_static,incremental,inc,context_fixed,static,selection,first,blurred,redundant_form,0.8935018050541518,0.5971773025026648,-0.296324502551487,0.296324502551487,554
principled_salience_stop_regularized_2x2_inc_static,incremental,inc,context_fixed,static,selection,first,blurred,size_colour,0.04512635379061363,0.2492916892998266,0.20416533550921295,0.20416533550921295,554
principled_salience_stop_regularized_2x2_inc_static,incremental,inc,context_fixed,static,selection,first,blurred,size_only,0.05595667870036104,0.06057627196675412,0.0046195932663930794,0.0046195932663930794,554
principled_salience_stop_regularized_2x2_inc_static,incremental,inc,context_fixed,static,selection,first,sharp,colour_only,0.0,0.05152792528590404,0.05152792528590404,0.05152792528590404,502
principled_salience_stop_regularized_2x2_inc_static,incremental,inc,context_fixed,static,selection,first,sharp,redundant_form,0.6852589641434262,0.602244157408574,-0.08301480673485229,0.08301480673485229,502
principled_salience_stop_regularized_2x2_inc_static,incremental,inc,context_fixed,static,selection,first,sharp,size_colour,0.04581673306772902,0.27739432699756267,0.23157759392983365,0.23157759392983365,502
principled_salience_stop_regularized_2x2_inc_static,incremental,inc,context_fixed,static,selection,first,sharp,size_only,0.2689243027888447,0.06883359030795932,-0.2000907124808854,0.2000907124808854,502
principled_salience_stop_regularized_2x2_inc_static,incremental,inc,context_fixed,static,selection,second,blurred,colour_only,0.6278659611992948,0.39077216238594903,-0.2370937988133458,0.2370937988133458,567
principled_salience_stop_regularized_2x2_inc_static,incremental,inc,context_fixed,static,selection,second,blurred,redundant_form,0.3721340388007052,0.4780664135521323,0.10593237475142708,0.10593237475142708,567
principled_salience_stop_regularized_2x2_inc_static,incremental,inc,context_fixed,static,selection,second,blurred,size_colour,0.0,0.11267551503784437,0.11267551503784437,0.11267551503784437,567
principled_salience_stop_regularized_2x2_inc_static,incremental,inc,context_fixed,static,selection,second,blurred,size_only,0.0,0.01848590902407431,0.01848590902407431,0.01848590902407431,567
principled_salience_stop_regularized_2x2_inc_static,incremental,inc,context_fixed,static,selection,second,sharp,colour_only,0.7162698412698416,0.35786038011501464,-0.35840946115482697,0.35840946115482697,504
principled_salience_stop_regularized_2x2_inc_static,incremental,inc,context_fixed,static,selection,second,sharp,redundant_form,0.2817460317460315,0.4650566372351317,0.18331060548910016,0.18331060548910016,504
principled_salience_stop_regularized_2x2_inc_static,incremental,inc,context_fixed,static,selection,second,sharp,size_colour,0.0019841269841269008,0.15198071813472513,0.14999659115059824,0.14999659115059824,504
principled_salience_stop_regularized_2x2_inc_static,incremental,inc,context_fixed,static,selection,second,sharp,size_only,0.0,0.025102264515128606,0.025102264515128606,0.025102264515128606,504
principled_salience_stop_regularized_2x2_glob_rec,global,glob,context_updating,rec,order,both,blurred,colour_initial_multi,0.333922261484099,0.2055226908876453,-0.12839957059645368,0.12839957059645368,566
principled_salience_stop_regularized_2x2_glob_rec,global,glob,context_updating,rec,order,both,blurred,form_initial_multi,0.04770318021201402,0.14211535779779683,0.0944121775857828,0.0944121775857828,566
principled_salience_stop_regularized_2x2_glob_rec,global,glob,context_updating,rec,order,both,blurred,single_adjective,0.12544169611307426,0.18803434225498142,0.06259264614190715,0.06259264614190715,566
principled_salience_stop_regularized_2x2_glob_rec,global,glob,context_updating,rec,order,both,blurred,size_initial_multi,0.49293286219081267,0.46432760905957643,-0.02860525313123624,0.02860525313123624,566
principled_salience_stop_regularized_2x2_glob_rec,global,glob,context_updating,rec,order,both,sharp,colour_initial_multi,0.2465208747514909,0.18477421462776922,-0.06174666012372168,0.06174666012372168,503
principled_salience_stop_regularized_2x2_glob_rec,global,glob,context_updating,rec,order,both,sharp,form_initial_multi,0.023856858846918412,0.1292143046527259,0.1053574458058075,0.1053574458058075,503
principled_salience_stop_regularized_2x2_glob_rec,global,glob,context_updating,rec,order,both,sharp,single_adjective,0.08349900596421474,0.17516232474913387,0.09166331878491914,0.09166331878491914,503
principled_salience_stop_regularized_2x2_glob_rec,global,glob,context_updating,rec,order,both,sharp,size_initial_multi,0.646123260437376,0.5108491559703711,-0.13527410446700494,0.13527410446700494,503
principled_salience_stop_regularized_2x2_glob_rec,global,glob,context_updating,rec,order,first,blurred,colour_initial_multi,0.1281588447653429,0.18352930480194815,0.05537046003660526,0.05537046003660526,554
principled_salience_stop_regularized_2x2_glob_rec,global,glob,context_updating,rec,order,first,blurred,form_initial_multi,0.032490974729241624,0.1301820627548976,0.09769108802565599,0.09769108802565599,554
principled_salience_stop_regularized_2x2_glob_rec,global,glob,context_updating,rec,order,first,blurred,single_adjective,0.09927797833935018,0.1573170170185823,0.05803903867923213,0.05803903867923213,554
principled_salience_stop_regularized_2x2_glob_rec,global,glob,context_updating,rec,order,first,blurred,size_initial_multi,0.7400722021660653,0.528971615424572,-0.21110058674149323,0.21110058674149323,554
principled_salience_stop_regularized_2x2_glob_rec,global,glob,context_updating,rec,order,first,sharp,colour_initial_multi,0.11354581673306766,0.1512389943301672,0.03769317759709953,0.03769317759709953,502
principled_salience_stop_regularized_2x2_glob_rec,global,glob,context_updating,rec,order,first,sharp,form_initial_multi,0.011952191235059707,0.10889532320467633,0.09694313196961662,0.09694313196961662,502
principled_salience_stop_regularized_2x2_glob_rec,global,glob,context_updating,rec,order,first,sharp,single_adjective,0.37051792828685265,0.14073761332777238,-0.22978031495908027,0.22978031495908027,502
principled_salience_stop_regularized_2x2_glob_rec,global,glob,context_updating,rec,order,first,sharp,size_initial_multi,0.5039840637450199,0.599128069137384,0.09514400539236412,0.09514400539236412,502
principled_salience_stop_regularized_2x2_glob_rec,global,glob,context_updating,rec,order,second,blurred,colour_initial_multi,0.2680776014109347,0.20688142162168882,-0.06119617978924585,0.06119617978924585,567
principled_salience_stop_regularized_2x2_glob_rec,global,glob,context_updating,rec,order,second,blurred,form_initial_multi,0.019400352733686007,0.1458838752141398,0.1264835224804538,0.1264835224804538,567
principled_salience_stop_regularized_2x2_glob_rec,global,glob,context_updating,rec,order,second,blurred,single_adjective,0.6719576719576723,0.22938155940844163,-0.4425761125492307,0.4425761125492307,567
principled_salience_stop_regularized_2x2_glob_rec,global,glob,context_updating,rec,order,second,blurred,size_initial_multi,0.04056437389770712,0.41785314375572974,0.3772887698580226,0.3772887698580226,567
principled_salience_stop_regularized_2x2_glob_rec,global,glob,context_updating,rec,order,second,sharp,colour_initial_multi,0.2341269841269841,0.184884279013089,-0.04924270511389511,0.04924270511389511,504
principled_salience_stop_regularized_2x2_glob_rec,global,glob,context_updating,rec,order,second,sharp,form_initial_multi,0.01984126984126981,0.13137642541593367,0.11153515557466386,0.11153515557466386,504
principled_salience_stop_regularized_2x2_glob_rec,global,glob,context_updating,rec,order,second,sharp,single_adjective,0.7361111111111114,0.21501194322774536,-0.5210991678833661,0.5210991678833661,504
principled_salience_stop_regularized_2x2_glob_rec,global,glob,context_updating,rec,order,second,sharp,size_initial_multi,0.009920634920634705,0.4687273523432319,0.45880671742259715,0.45880671742259715,504
principled_salience_stop_regularized_2x2_glob_static,global,glob,context_fixed,static,order,both,blurred,colour_initial_multi,0.333922261484099,0.20588012497528835,-0.12804213650881063,0.12804213650881063,566
principled_salience_stop_regularized_2x2_glob_static,global,glob,context_fixed,static,order,both,blurred,form_initial_multi,0.04770318021201402,0.14211705884672138,0.09441387863470735,0.09441387863470735,566
principled_salience_stop_regularized_2x2_glob_static,global,glob,context_fixed,static,order,both,blurred,single_adjective,0.12544169611307426,0.18827197184110034,0.06283027572802607,0.06283027572802607,566
principled_salience_stop_regularized_2x2_glob_static,global,glob,context_fixed,static,order,both,blurred,size_initial_multi,0.49293286219081267,0.46373084433689005,-0.029202017853922624,0.029202017853922624,566
principled_salience_stop_regularized_2x2_glob_static,global,glob,context_fixed,static,order,both,sharp,colour_initial_multi,0.2465208747514909,0.1846086255338528,-0.061912249217638105,0.061912249217638105,503
principled_salience_stop_regularized_2x2_glob_static,global,glob,context_fixed,static,order,both,sharp,form_initial_multi,0.023856858846918412,0.1304334011682359,0.1065765423213175,0.1065765423213175,503
principled_salience_stop_regularized_2x2_glob_static,global,glob,context_fixed,static,order,both,sharp,single_adjective,0.08349900596421474,0.1754603349021655,0.09196132893795077,0.09196132893795077,503
principled_salience_stop_regularized_2x2_glob_static,global,glob,context_fixed,static,order,both,sharp,size_initial_multi,0.646123260437376,0.5094976383957458,-0.1366256220416302,0.1366256220416302,503
principled_salience_stop_regularized_2x2_glob_static,global,glob,context_fixed,static,order,first,blurred,colour_initial_multi,0.1281588447653429,0.18362005890159183,0.05546121413624894,0.05546121413624894,554
principled_salience_stop_regularized_2x2_glob_static,global,glob,context_fixed,static,order,first,blurred,form_initial_multi,0.032490974729241624,0.13034758463021515,0.09785660990097353,0.09785660990097353,554
principled_salience_stop_regularized_2x2_glob_static,global,glob,context_fixed,static,order,first,blurred,single_adjective,0.09927797833935018,0.1576070969938704,0.05832911865452023,0.05832911865452023,554
principled_salience_stop_regularized_2x2_glob_static,global,glob,context_fixed,static,order,first,blurred,size_initial_multi,0.7400722021660653,0.5284252594743227,-0.21164694269174256,0.21164694269174256,554
principled_salience_stop_regularized_2x2_glob_static,global,glob,context_fixed,static,order,first,sharp,colour_initial_multi,0.11354581673306766,0.1514191533194225,0.03787333658635483,0.03787333658635483,502
principled_salience_stop_regularized_2x2_glob_static,global,glob,context_fixed,static,order,first,sharp,form_initial_multi,0.011952191235059707,0.1087872818237114,0.0968350905886517,0.0968350905886517,502
principled_salience_stop_regularized_2x2_glob_static,global,glob,context_fixed,static,order,first,sharp,single_adjective,0.37051792828685265,0.14086660220051472,-0.22965132608633793,0.22965132608633793,502
principled_salience_stop_regularized_2x2_glob_static,global,glob,context_fixed,static,order,first,sharp,size_initial_multi,0.5039840637450199,0.5989269626563513,0.09494289891133134,0.09494289891133134,502
principled_salience_stop_regularized_2x2_glob_static,global,glob,context_fixed,static,order,second,blurred,colour_initial_multi,0.2680776014109347,0.20666314828422366,-0.06141445312671101,0.06141445312671101,567
principled_salience_stop_regularized_2x2_glob_static,global,glob,context_fixed,static,order,second,blurred,form_initial_multi,0.019400352733686007,0.14630363274361718,0.12690328000993117,0.12690328000993117,567
principled_salience_stop_regularized_2x2_glob_static,global,glob,context_fixed,static,order,second,blurred,single_adjective,0.6719576719576723,0.2296009626736471,-0.4423567092840252,0.4423567092840252,567
principled_salience_stop_regularized_2x2_glob_static,global,glob,context_fixed,static,order,second,blurred,size_initial_multi,0.04056437389770712,0.4174322562985122,0.3768678824008051,0.3768678824008051,567
principled_salience_stop_regularized_2x2_glob_static,global,glob,context_fixed,static,order,second,sharp,colour_initial_multi,0.2341269841269841,0.1848906224695324,-0.04923636165745171,0.04923636165745171,504
principled_salience_stop_regularized_2x2_glob_static,global,glob,context_fixed,static,order,second,sharp,form_initial_multi,0.01984126984126981,0.13167059401798603,0.11182932417671622,0.11182932417671622,504
principled_salience_stop_regularized_2x2_glob_static,global,glob,context_fixed,static,order,second,sharp,single_adjective,0.7361111111111114,0.21506751347727265,-0.5210435976338388,0.5210435976338388,504
principled_salience_stop_regularized_2x2_glob_static,global,glob,context_fixed,static,order,second,sharp,size_initial_multi,0.009920634920634705,0.4683712700352089,0.4584506351145742,0.4584506351145742,504
principled_salience_stop_regularized_2x2_inc_rec,incremental,inc,context_updating,rec,order,both,blurred,colour_initial_multi,0.333922261484099,0.2388898144834659,-0.09503244700063307,0.09503244700063307,566
principled_salience_stop_regularized_2x2_inc_rec,incremental,inc,context_updating,rec,order,both,blurred,form_initial_multi,0.04770318021201402,0.03344607885177658,-0.014257101360237445,0.014257101360237445,566
principled_salience_stop_regularized_2x2_inc_rec,incremental,inc,context_updating,rec,order,both,blurred,single_adjective,0.12544169611307426,0.3217710333023249,0.19632933718925066,0.19632933718925066,566
principled_salience_stop_regularized_2x2_inc_rec,incremental,inc,context_updating,rec,order,both,blurred,size_initial_multi,0.49293286219081267,0.4058930733624326,-0.0870397888283801,0.0870397888283801,566
principled_salience_stop_regularized_2x2_inc_rec,incremental,inc,context_updating,rec,order,both,sharp,colour_initial_multi,0.2465208747514909,0.1782028511315516,-0.0683180236199393,0.0683180236199393,503
principled_salience_stop_regularized_2x2_inc_rec,incremental,inc,context_updating,rec,order,both,sharp,form_initial_multi,0.023856858846918412,0.028762153072488042,0.00490529422556963,0.00490529422556963,503
principled_salience_stop_regularized_2x2_inc_rec,incremental,inc,context_updating,rec,order,both,sharp,single_adjective,0.08349900596421474,0.27060844052217026,0.18710943455795553,0.18710943455795553,503
principled_salience_stop_regularized_2x2_inc_rec,incremental,inc,context_updating,rec,order,both,sharp,size_initial_multi,0.646123260437376,0.5224265552737901,-0.12369670516358588,0.12369670516358588,503
principled_salience_stop_regularized_2x2_inc_rec,incremental,inc,context_updating,rec,order,first,blurred,colour_initial_multi,0.1281588447653429,0.10119753386341637,-0.026961310901926522,0.026961310901926522,554
principled_salience_stop_regularized_2x2_inc_rec,incremental,inc,context_updating,rec,order,first,blurred,form_initial_multi,0.032490974729241624,0.03236995554797607,-0.00012101918126555117,0.00012101918126555117,554
principled_salience_stop_regularized_2x2_inc_rec,incremental,inc,context_updating,rec,order,first,blurred,single_adjective,0.09927797833935018,0.19262023925247115,0.09334226091312098,0.09334226091312098,554
principled_salience_stop_regularized_2x2_inc_rec,incremental,inc,context_updating,rec,order,first,blurred,size_initial_multi,0.7400722021660653,0.6738122713361365,-0.06625993082992876,0.06625993082992876,554
principled_salience_stop_regularized_2x2_inc_rec,incremental,inc,context_updating,rec,order,first,sharp,colour_initial_multi,0.11354581673306766,0.0576808571739824,-0.055864959559085256,0.055864959559085256,502
principled_salience_stop_regularized_2x2_inc_rec,incremental,inc,context_updating,rec,order,first,sharp,form_initial_multi,0.011952191235059707,0.020061895665810233,0.008109704430750526,0.008109704430750526,502
principled_salience_stop_regularized_2x2_inc_rec,incremental,inc,context_updating,rec,order,first,sharp,single_adjective,0.37051792828685265,0.14241708952492668,-0.22810083876192597,0.22810083876192597,502
principled_salience_stop_regularized_2x2_inc_rec,incremental,inc,context_updating,rec,order,first,sharp,size_initial_multi,0.5039840637450199,0.7798401576352807,0.2758560938902608,0.2758560938902608,502
principled_salience_stop_regularized_2x2_inc_rec,incremental,inc,context_updating,rec,order,second,blurred,colour_initial_multi,0.2680776014109347,0.35705456257868057,0.0889769611677459,0.0889769611677459,567
principled_salience_stop_regularized_2x2_inc_rec,incremental,inc,context_updating,rec,order,second,blurred,form_initial_multi,0.019400352733686007,0.025237235229796304,0.005836882496110297,0.005836882496110297,567
principled_salience_stop_regularized_2x2_inc_rec,incremental,inc,context_updating,rec,order,second,blurred,single_adjective,0.6719576719576723,0.43551867361416263,-0.23643899834350968,0.23643899834350968,567
principled_salience_stop_regularized_2x2_inc_rec,incremental,inc,context_updating,rec,order,second,blurred,size_initial_multi,0.04056437389770712,0.18218952857736043,0.1416251546796533,0.1416251546796533,567
principled_salience_stop_regularized_2x2_inc_rec,incremental,inc,context_updating,rec,order,second,sharp,colour_initial_multi,0.2341269841269841,0.3136880186147883,0.07956103448780419,0.07956103448780419,504
principled_salience_stop_regularized_2x2_inc_rec,incremental,inc,context_updating,rec,order,second,sharp,form_initial_multi,0.01984126984126981,0.024387743535539234,0.0045464736942694255,0.0045464736942694255,504
principled_salience_stop_regularized_2x2_inc_rec,incremental,inc,context_updating,rec,order,second,sharp,single_adjective,0.7361111111111114,0.407055214552981,-0.3290558965581304,0.3290558965581304,504
principled_salience_stop_regularized_2x2_inc_rec,incremental,inc,context_updating,rec,order,second,sharp,size_initial_multi,0.009920634920634705,0.2548690232966916,0.24494838837605687,0.24494838837605687,504
principled_salience_stop_regularized_2x2_inc_static,incremental,inc,context_fixed,static,order,both,blurred,colour_initial_multi,0.333922261484099,0.2386036369295735,-0.09531862455452547,0.09531862455452547,566
principled_salience_stop_regularized_2x2_inc_static,incremental,inc,context_fixed,static,order,both,blurred,form_initial_multi,0.04770318021201402,0.03329505281979638,-0.01440812739221764,0.01440812739221764,566
principled_salience_stop_regularized_2x2_inc_static,incremental,inc,context_fixed,static,order,both,blurred,single_adjective,0.12544169611307426,0.32206697482977903,0.19662527871670477,0.19662527871670477,566
principled_salience_stop_regularized_2x2_inc_static,incremental,inc,context_fixed,static,order,both,blurred,size_initial_multi,0.49293286219081267,0.4060343354208512,-0.08689852676996146,0.08689852676996146,566
principled_salience_stop_regularized_2x2_inc_static,incremental,inc,context_fixed,static,order,both,sharp,colour_initial_multi,0.2465208747514909,0.1782687515734871,-0.0682521231780038,0.0682521231780038,503
principled_salience_stop_regularized_2x2_inc_static,incremental,inc,context_fixed,static,order,both,sharp,form_initial_multi,0.023856858846918412,0.028505875576883177,0.004649016729964765,0.004649016729964765,503
principled_salience_stop_regularized_2x2_inc_static,incremental,inc,context_fixed,static,order,both,sharp,single_adjective,0.08349900596421474,0.2700039702797266,0.1865049643155119,0.1865049643155119,503
principled_salience_stop_regularized_2x2_inc_static,incremental,inc,context_fixed,static,order,both,sharp,size_initial_multi,0.646123260437376,0.523221402569903,-0.12290185786747299,0.12290185786747299,503
principled_salience_stop_regularized_2x2_inc_static,incremental,inc,context_fixed,static,order,first,blurred,colour_initial_multi,0.1281588447653429,0.10073212628717536,-0.027426718478167536,0.027426718478167536,554
principled_salience_stop_regularized_2x2_inc_static,incremental,inc,context_fixed,static,order,first,blurred,form_initial_multi,0.032490974729241624,0.03207716642484005,-0.000413808304401575,0.000413808304401575,554
principled_salience_stop_regularized_2x2_inc_static,incremental,inc,context_fixed,static,order,first,blurred,single_adjective,0.09927797833935018,0.19192457228971666,0.09264659395036648,0.09264659395036648,554
principled_salience_stop_regularized_2x2_inc_static,incremental,inc,context_fixed,static,order,first,blurred,size_initial_multi,0.7400722021660653,0.6752661349982679,-0.06480606716779735,0.06480606716779735,554
principled_salience_stop_regularized_2x2_inc_static,incremental,inc,context_fixed,static,order,first,sharp,colour_initial_multi,0.11354581673306766,0.05752536698665707,-0.056020449746410586,0.056020449746410586,502
principled_salience_stop_regularized_2x2_inc_static,incremental,inc,context_fixed,static,order,first,sharp,form_initial_multi,0.011952191235059707,0.020021944810876564,0.008069753575816857,0.008069753575816857,502
principled_salience_stop_regularized_2x2_inc_static,incremental,inc,context_fixed,static,order,first,sharp,single_adjective,0.37051792828685265,0.14197076879759057,-0.22854715948926208,0.22854715948926208,502
principled_salience_stop_regularized_2x2_inc_static,incremental,inc,context_fixed,static,order,first,sharp,size_initial_multi,0.5039840637450199,0.7804819194048758,0.27649785565985585,0.27649785565985585,502
principled_salience_stop_regularized_2x2_inc_static,incremental,inc,context_fixed,static,order,second,blurred,colour_initial_multi,0.2680776014109347,0.3571764292051768,0.08909882779424211,0.08909882779424211,567
principled_salience_stop_regularized_2x2_inc_static,incremental,inc,context_fixed,static,order,second,blurred,form_initial_multi,0.019400352733686007,0.02516161248107306,0.005761259747387053,0.005761259747387053,567
principled_salience_stop_regularized_2x2_inc_static,incremental,inc,context_fixed,static,order,second,blurred,single_adjective,0.6719576719576723,0.4365021277539413,-0.235455544203731,0.235455544203731,567
principled_salience_stop_regularized_2x2_inc_static,incremental,inc,context_fixed,static,order,second,blurred,size_initial_multi,0.04056437389770712,0.18115983055980886,0.14059545666210174,0.14059545666210174,567
principled_salience_stop_regularized_2x2_inc_static,incremental,inc,context_fixed,static,order,second,sharp,colour_initial_multi,0.2341269841269841,0.31409243047955393,0.07996544635256983,0.07996544635256983,504
principled_salience_stop_regularized_2x2_inc_static,incremental,inc,context_fixed,static,order,second,sharp,form_initial_multi,0.01984126984126981,0.024291137279484273,0.004449867438214464,0.004449867438214464,504
principled_salience_stop_regularized_2x2_inc_static,incremental,inc,context_fixed,static,order,second,sharp,single_adjective,0.7361111111111114,0.40778437069405604,-0.32832674041705534,0.32832674041705534,504
principled_salience_stop_regularized_2x2_inc_static,incremental,inc,context_fixed,static,order,second,sharp,size_initial_multi,0.009920634920634705,0.25383206154690574,0.24391142662627102,0.24391142662627102,504
principled_salience_stop_regularized_2x2_glob_rec,global,glob,context_updating,rec,overinformativeness,both,blurred,minimal_length,0.47526501766784446,0.4432880702789323,-0.03197694738891216,0.03197694738891216,566
principled_salience_stop_regularized_2x2_glob_rec,global,glob,context_updating,rec,overinformativeness,both,blurred,over_minimal_length,0.3992932862190811,0.36867758746608625,-0.030615698752994858,0.030615698752994858,566
principled_salience_stop_regularized_2x2_glob_rec,global,glob,context_updating,rec,overinformativeness,both,blurred,under_minimal_length,0.12544169611307426,0.18803434225498142,0.06259264614190715,0.06259264614190715,566
principled_salience_stop_regularized_2x2_glob_rec,global,glob,context_updating,rec,overinformativeness,both,sharp,minimal_length,0.5407554671968191,0.44452392933125623,-0.09623153786556288,0.09623153786556288,503
principled_salience_stop_regularized_2x2_glob_rec,global,glob,context_updating,rec,overinformativeness,both,sharp,over_minimal_length,0.3757455268389661,0.38031374591961,0.004568219080643865,0.004568219080643865,503
principled_salience_stop_regularized_2x2_glob_rec,global,glob,context_updating,rec,overinformativeness,both,sharp,under_minimal_length,0.08349900596421474,0.17516232474913387,0.09166331878491914,0.09166331878491914,503
principled_salience_stop_regularized_2x2_glob_rec,global,glob,context_updating,rec,overinformativeness,first,blurred,minimal_length,0.09927797833935018,0.1573170170185823,0.05803903867923213,0.05803903867923213,554
principled_salience_stop_regularized_2x2_glob_rec,global,glob,context_updating,rec,overinformativeness,first,blurred,over_minimal_length,0.9007220216606499,0.8426829829814177,-0.0580390386792321,0.0580390386792321,554
principled_salience_stop_regularized_2x2_glob_rec,global,glob,context_updating,rec,overinformativeness,first,sharp,minimal_length,0.37051792828685265,0.14073761332777238,-0.22978031495908027,0.22978031495908027,502
principled_salience_stop_regularized_2x2_glob_rec,global,glob,context_updating,rec,overinformativeness,first,sharp,over_minimal_length,0.6294820717131473,0.8592623866722275,0.22978031495908025,0.22978031495908025,502
principled_salience_stop_regularized_2x2_glob_rec,global,glob,context_updating,rec,overinformativeness,second,blurred,minimal_length,0.6719576719576723,0.22938155940844163,-0.4425761125492307,0.4425761125492307,567
principled_salience_stop_regularized_2x2_glob_rec,global,glob,context_updating,rec,overinformativeness,second,blurred,over_minimal_length,0.3280423280423278,0.7706184405915584,0.44257611254923057,0.44257611254923057,567
principled_salience_stop_regularized_2x2_glob_rec,global,glob,context_updating,rec,overinformativeness,second,sharp,minimal_length,0.7361111111111114,0.21501194322774536,-0.5210991678833661,0.5210991678833661,504
principled_salience_stop_regularized_2x2_glob_rec,global,glob,context_updating,rec,overinformativeness,second,sharp,over_minimal_length,0.2638888888888886,0.7849880567722546,0.521099167883366,0.521099167883366,504
principled_salience_stop_regularized_2x2_glob_static,global,glob,context_fixed,static,overinformativeness,both,blurred,minimal_length,0.47526501766784446,0.4434039747268763,-0.03186104294096814,0.03186104294096814,566
principled_salience_stop_regularized_2x2_glob_static,global,glob,context_fixed,static,overinformativeness,both,blurred,over_minimal_length,0.3992932862190811,0.3683240534320234,-0.03096923278705771,0.03096923278705771,566
principled_salience_stop_regularized_2x2_glob_static,global,glob,context_fixed,static,overinformativeness,both,blurred,under_minimal_length,0.12544169611307426,0.18827197184110034,0.06283027572802607,0.06283027572802607,566
principled_salience_stop_regularized_2x2_glob_static,global,glob,context_fixed,static,overinformativeness,both,sharp,minimal_length,0.5407554671968191,0.4444165115245908,-0.09633895567222833,0.09633895567222833,503
principled_salience_stop_regularized_2x2_glob_static,global,glob,context_fixed,static,overinformativeness,both,sharp,over_minimal_length,0.3757455268389661,0.3801231535732437,0.0043776267342776065,0.0043776267342776065,503
principled_salience_stop_regularized_2x2_glob_static,global,glob,context_fixed,static,overinformativeness,both,sharp,under_minimal_length,0.08349900596421474,0.1754603349021655,0.09196132893795077,0.09196132893795077,503
principled_salience_stop_regularized_2x2_glob_static,global,glob,context_fixed,static,overinformativeness,first,blurred,minimal_length,0.09927797833935018,0.1576070969938704,0.05832911865452023,0.05832911865452023,554
principled_salience_stop_regularized_2x2_glob_static,global,glob,context_fixed,static,overinformativeness,first,blurred,over_minimal_length,0.9007220216606499,0.8423929030061297,-0.05832911865452017,0.05832911865452017,554
principled_salience_stop_regularized_2x2_glob_static,global,glob,context_fixed,static,overinformativeness,first,sharp,minimal_length,0.37051792828685265,0.14086660220051472,-0.22965132608633793,0.22965132608633793,502
principled_salience_stop_regularized_2x2_glob_static,global,glob,context_fixed,static,overinformativeness,first,sharp,over_minimal_length,0.6294820717131473,0.8591333977994852,0.22965132608633787,0.22965132608633787,502
principled_salience_stop_regularized_2x2_glob_static,global,glob,context_fixed,static,overinformativeness,second,blurred,minimal_length,0.6719576719576723,0.2296009626736471,-0.4423567092840252,0.4423567092840252,567
principled_salience_stop_regularized_2x2_glob_static,global,glob,context_fixed,static,overinformativeness,second,blurred,over_minimal_length,0.3280423280423278,0.7703990373263531,0.44235670928402526,0.44235670928402526,567
principled_salience_stop_regularized_2x2_glob_static,global,glob,context_fixed,static,overinformativeness,second,sharp,minimal_length,0.7361111111111114,0.21506751347727265,-0.5210435976338388,0.5210435976338388,504
principled_salience_stop_regularized_2x2_glob_static,global,glob,context_fixed,static,overinformativeness,second,sharp,over_minimal_length,0.2638888888888886,0.7849324865227273,0.5210435976338387,0.5210435976338387,504
principled_salience_stop_regularized_2x2_inc_rec,incremental,inc,context_updating,rec,overinformativeness,both,blurred,minimal_length,0.47526501766784446,0.38427101099591704,-0.09099400667192742,0.09099400667192742,566
principled_salience_stop_regularized_2x2_inc_rec,incremental,inc,context_updating,rec,overinformativeness,both,blurred,over_minimal_length,0.3992932862190811,0.29395795570175803,-0.10533533051732308,0.10533533051732308,566
principled_salience_stop_regularized_2x2_inc_rec,incremental,inc,context_updating,rec,overinformativeness,both,blurred,under_minimal_length,0.12544169611307426,0.3217710333023249,0.19632933718925066,0.19632933718925066,566
principled_salience_stop_regularized_2x2_inc_rec,incremental,inc,context_updating,rec,overinformativeness,both,sharp,minimal_length,0.5407554671968191,0.39375114438176007,-0.14700432281505904,0.14700432281505904,503
principled_salience_stop_regularized_2x2_inc_rec,incremental,inc,context_updating,rec,overinformativeness,both,sharp,over_minimal_length,0.3757455268389661,0.3356404150960697,-0.04010511174289644,0.04010511174289644,503
principled_salience_stop_regularized_2x2_inc_rec,incremental,inc,context_updating,rec,overinformativeness,both,sharp,under_minimal_length,0.08349900596421474,0.27060844052217026,0.18710943455795553,0.18710943455795553,503
principled_salience_stop_regularized_2x2_inc_rec,incremental,inc,context_updating,rec,overinformativeness,first,blurred,minimal_length,0.09927797833935018,0.19262023925247115,0.09334226091312098,0.09334226091312098,554
principled_salience_stop_regularized_2x2_inc_rec,incremental,inc,context_updating,rec,overinformativeness,first,blurred,over_minimal_length,0.9007220216606499,0.8073797607475289,-0.09334226091312092,0.09334226091312092,554
principled_salience_stop_regularized_2x2_inc_rec,incremental,inc,context_updating,rec,overinformativeness,first,sharp,minimal_length,0.37051792828685265,0.14241708952492668,-0.22810083876192597,0.22810083876192597,502
principled_salience_stop_regularized_2x2_inc_rec,incremental,inc,context_updating,rec,overinformativeness,first,sharp,over_minimal_length,0.6294820717131473,0.8575829104750733,0.228100838761926,0.228100838761926,502
principled_salience_stop_regularized_2x2_inc_rec,incremental,inc,context_updating,rec,overinformativeness,second,blurred,minimal_length,0.6719576719576723,0.43551867361416263,-0.23643899834350968,0.23643899834350968,567
principled_salience_stop_regularized_2x2_inc_rec,incremental,inc,context_updating,rec,overinformativeness,second,blurred,over_minimal_length,0.3280423280423278,0.5644813263858374,0.23643899834350957,0.23643899834350957,567
principled_salience_stop_regularized_2x2_inc_rec,incremental,inc,context_updating,rec,overinformativeness,second,sharp,minimal_length,0.7361111111111114,0.407055214552981,-0.3290558965581304,0.3290558965581304,504
principled_salience_stop_regularized_2x2_inc_rec,incremental,inc,context_updating,rec,overinformativeness,second,sharp,over_minimal_length,0.2638888888888886,0.5929447854470191,0.3290558965581305,0.3290558965581305,504
principled_salience_stop_regularized_2x2_inc_static,incremental,inc,context_fixed,static,overinformativeness,both,blurred,minimal_length,0.47526501766784446,0.3848543350435081,-0.09041068262433638,0.09041068262433638,566
principled_salience_stop_regularized_2x2_inc_static,incremental,inc,context_fixed,static,overinformativeness,both,blurred,over_minimal_length,0.3992932862190811,0.29307869012671306,-0.10621459609236805,0.10621459609236805,566
principled_salience_stop_regularized_2x2_inc_static,incremental,inc,context_fixed,static,overinformativeness,both,blurred,under_minimal_length,0.12544169611307426,0.32206697482977903,0.19662527871670477,0.19662527871670477,566
principled_salience_stop_regularized_2x2_inc_static,incremental,inc,context_fixed,static,overinformativeness,both,sharp,minimal_length,0.5407554671968191,0.3938625064880918,-0.14689296070872732,0.14689296070872732,503
principled_salience_stop_regularized_2x2_inc_static,incremental,inc,context_fixed,static,overinformativeness,both,sharp,over_minimal_length,0.3757455268389661,0.3361335232321815,-0.03961200360678463,0.03961200360678463,503
principled_salience_stop_regularized_2x2_inc_static,incremental,inc,context_fixed,static,overinformativeness,both,sharp,under_minimal_length,0.08349900596421474,0.2700039702797266,0.1865049643155119,0.1865049643155119,503
principled_salience_stop_regularized_2x2_inc_static,incremental,inc,context_fixed,static,overinformativeness,first,blurred,minimal_length,0.09927797833935018,0.19192457228971666,0.09264659395036648,0.09264659395036648,554
principled_salience_stop_regularized_2x2_inc_static,incremental,inc,context_fixed,static,overinformativeness,first,blurred,over_minimal_length,0.9007220216606499,0.8080754277102834,-0.09264659395036645,0.09264659395036645,554
principled_salience_stop_regularized_2x2_inc_static,incremental,inc,context_fixed,static,overinformativeness,first,sharp,minimal_length,0.37051792828685265,0.14197076879759057,-0.22854715948926208,0.22854715948926208,502
principled_salience_stop_regularized_2x2_inc_static,incremental,inc,context_fixed,static,overinformativeness,first,sharp,over_minimal_length,0.6294820717131473,0.8580292312024094,0.22854715948926208,0.22854715948926208,502
principled_salience_stop_regularized_2x2_inc_static,incremental,inc,context_fixed,static,overinformativeness,second,blurred,minimal_length,0.6719576719576723,0.4365021277539413,-0.235455544203731,0.235455544203731,567
principled_salience_stop_regularized_2x2_inc_static,incremental,inc,context_fixed,static,overinformativeness,second,blurred,over_minimal_length,0.3280423280423278,0.5634978722460586,0.23545554420373083,0.23545554420373083,567
principled_salience_stop_regularized_2x2_inc_static,incremental,inc,context_fixed,static,overinformativeness,second,sharp,minimal_length,0.7361111111111114,0.40778437069405604,-0.32832674041705534,0.32832674041705534,504
principled_salience_stop_regularized_2x2_inc_static,incremental,inc,context_fixed,static,overinformativeness,second,sharp,over_minimal_length,0.2638888888888886,0.592215629305944,0.32832674041705534,0.32832674041705534,504
